#pragma once
#include <cstdint>
#if defined(ARDUINO)
#include <Arduino.h>
#else
#define PROGMEM
#endif

alignas(16) const unsigned char g_final_ecg_cnn_cap_4_int8_model[] PROGMEM = {
  0x20, 0x00, 0x00, 0x00, 0x54, 0x46, 0x4c, 0x33, 0x00, 0x00, 0x00, 0x00,
  0x14, 0x00, 0x20, 0x00, 0x1c, 0x00, 0x18, 0x00, 0x14, 0x00, 0x10, 0x00,
  0x0c, 0x00, 0x00, 0x00, 0x08, 0x00, 0x04, 0x00, 0x14, 0x00, 0x00, 0x00,
  0x1c, 0x00, 0x00, 0x00, 0x88, 0x00, 0x00, 0x00, 0xe0, 0x00, 0x00, 0x00,
  0xd0, 0x30, 0x00, 0x00, 0xe0, 0x30, 0x00, 0x00, 0x40, 0x5b, 0x00, 0x00,
  0x03, 0x00, 0x00, 0x00, 0x01, 0x00, 0x00, 0x00, 0x04, 0x00, 0x00, 0x00,
  0x6a, 0xcb, 0xff, 0xff, 0x0c, 0x00, 0x00, 0x00, 0x1c, 0x00, 0x00, 0x00,
  0x3c, 0x00, 0x00, 0x00, 0x0f, 0x00, 0x00, 0x00, 0x73, 0x65, 0x72, 0x76,
  0x69, 0x6e, 0x67, 0x5f, 0x64, 0x65, 0x66, 0x61, 0x75, 0x6c, 0x74, 0x00,
  0x01, 0x00, 0x00, 0x00, 0x04, 0x00, 0x00, 0x00, 0x94, 0xff, 0xff, 0xff,
  0x24, 0x00, 0x00, 0x00, 0x04, 0x00, 0x00, 0x00, 0x08, 0x00, 0x00, 0x00,
  0x6f, 0x75, 0x74, 0x70, 0x75, 0x74, 0x5f, 0x30, 0x00, 0x00, 0x00, 0x00,
  0x01, 0x00, 0x00, 0x00, 0x04, 0x00, 0x00, 0x00, 0xde, 0xce, 0xff, 0xff,
  0x04, 0x00, 0x00, 0x00, 0x09, 0x00, 0x00, 0x00, 0x65, 0x63, 0x67, 0x5f,
  0x69, 0x6e, 0x70, 0x75, 0x74, 0x00, 0x00, 0x00, 0x02, 0x00, 0x00, 0x00,
  0x34, 0x00, 0x00, 0x00, 0x04, 0x00, 0x00, 0x00, 0xdc, 0xff, 0xff, 0xff,
  0x27, 0x00, 0x00, 0x00, 0x04, 0x00, 0x00, 0x00, 0x13, 0x00, 0x00, 0x00,
  0x43, 0x4f, 0x4e, 0x56, 0x45, 0x52, 0x53, 0x49, 0x4f, 0x4e, 0x5f, 0x4d,
  0x45, 0x54, 0x41, 0x44, 0x41, 0x54, 0x41, 0x00, 0x08, 0x00, 0x0c, 0x00,
  0x08, 0x00, 0x04, 0x00, 0x08, 0x00, 0x00, 0x00, 0x26, 0x00, 0x00, 0x00,
  0x04, 0x00, 0x00, 0x00, 0x13, 0x00, 0x00, 0x00, 0x6d, 0x69, 0x6e, 0x5f,
  0x72, 0x75, 0x6e, 0x74, 0x69, 0x6d, 0x65, 0x5f, 0x76, 0x65, 0x72, 0x73,
  0x69, 0x6f, 0x6e, 0x00, 0x28, 0x00, 0x00, 0x00, 0xec, 0x2f, 0x00, 0x00,
  0xe4, 0x2f, 0x00, 0x00, 0xd0, 0x2f, 0x00, 0x00, 0xb4, 0x2f, 0x00, 0x00,
  0xa0, 0x2f, 0x00, 0x00, 0x84, 0x2f, 0x00, 0x00, 0x68, 0x2f, 0x00, 0x00,
  0x4c, 0x2f, 0x00, 0x00, 0x30, 0x2f, 0x00, 0x00, 0x0c, 0x2f, 0x00, 0x00,
  0x5c, 0x2e, 0x00, 0x00, 0xcc, 0x2d, 0x00, 0x00, 0xbc, 0x25, 0x00, 0x00,
  0xac, 0x24, 0x00, 0x00, 0x9c, 0x0c, 0x00, 0x00, 0x0c, 0x0c, 0x00, 0x00,
  0xfc, 0x01, 0x00, 0x00, 0xac, 0x01, 0x00, 0x00, 0x2c, 0x01, 0x00, 0x00,
  0x24, 0x01, 0x00, 0x00, 0x1c, 0x01, 0x00, 0x00, 0x14, 0x01, 0x00, 0x00,
  0x0c, 0x01, 0x00, 0x00, 0x04, 0x01, 0x00, 0x00, 0xfc, 0x00, 0x00, 0x00,
  0xf4, 0x00, 0x00, 0x00, 0xec, 0x00, 0x00, 0x00, 0xe4, 0x00, 0x00, 0x00,
  0xdc, 0x00, 0x00, 0x00, 0xd4, 0x00, 0x00, 0x00, 0xcc, 0x00, 0x00, 0x00,
  0xc4, 0x00, 0x00, 0x00, 0xbc, 0x00, 0x00, 0x00, 0xb4, 0x00, 0x00, 0x00,
  0xac, 0x00, 0x00, 0x00, 0xa4, 0x00, 0x00, 0x00, 0x9c, 0x00, 0x00, 0x00,
  0x94, 0x00, 0x00, 0x00, 0x74, 0x00, 0x00, 0x00, 0x04, 0x00, 0x00, 0x00,
  0xf6, 0xcf, 0xff, 0xff, 0x04, 0x00, 0x00, 0x00, 0x60, 0x00, 0x00, 0x00,
  0x0c, 0x00, 0x00, 0x00, 0x08, 0x00, 0x0e, 0x00, 0x08, 0x00, 0x04, 0x00,
  0x08, 0x00, 0x00, 0x00, 0x10, 0x00, 0x00, 0x00, 0x28, 0x00, 0x00, 0x00,
  0x00, 0x00, 0x06, 0x00, 0x08, 0x00, 0x04, 0x00, 0x06, 0x00, 0x00, 0x00,
  0x04, 0x00, 0x00, 0x00, 0x01, 0x00, 0x00, 0x00, 0xeb, 0x03, 0x00, 0x00,
  0x0c, 0x00, 0x18, 0x00, 0x14, 0x00, 0x10, 0x00, 0x0c, 0x00, 0x04, 0x00,
  0x0c, 0x00, 0x00, 0x00, 0x4a, 0x8e, 0xa6, 0xac, 0xd0, 0x09, 0x36, 0xc2,
  0x02, 0x00, 0x00, 0x00, 0x02, 0x00, 0x00, 0x00, 0x04, 0x00, 0x00, 0x00,
  0x06, 0x00, 0x00, 0x00, 0x32, 0x2e, 0x32, 0x31, 0x2e, 0x30, 0x00, 0x00,
  0x62, 0xd0, 0xff, 0xff, 0x04, 0x00, 0x00, 0x00, 0x10, 0x00, 0x00, 0x00,
  0x31, 0x2e, 0x31, 0x34, 0x2e, 0x30, 0x00, 0x00, 0x00, 0x00, 0x00, 0x00,
  0x00, 0x00, 0x00, 0x00, 0x84, 0xa7, 0xff, 0xff, 0x88, 0xa7, 0xff, 0xff,
  0x8c, 0xa7, 0xff, 0xff, 0x90, 0xa7, 0xff, 0xff, 0x94, 0xa7, 0xff, 0xff,
  0x98, 0xa7, 0xff, 0xff, 0x9c, 0xa7, 0xff, 0xff, 0xa0, 0xa7, 0xff, 0xff,
  0xa4, 0xa7, 0xff, 0xff, 0xa8, 0xa7, 0xff, 0xff, 0xac, 0xa7, 0xff, 0xff,
  0xb0, 0xa7, 0xff, 0xff, 0xb4, 0xa7, 0xff, 0xff, 0xb8, 0xa7, 0xff, 0xff,
  0xbc, 0xa7, 0xff, 0xff, 0xc0, 0xa7, 0xff, 0xff, 0xc4, 0xa7, 0xff, 0xff,
  0xc8, 0xa7, 0xff, 0xff, 0xcc, 0xa7, 0xff, 0xff, 0xca, 0xd0, 0xff, 0xff,
  0x04, 0x00, 0x00, 0x00, 0x70, 0x00, 0x00, 0x00, 0x40, 0xfa, 0x21, 0x6a,
  0xf6, 0xf7, 0x7f, 0x64, 0x14, 0x32, 0xf5, 0xf3, 0x14, 0x81, 0x95, 0xe1,
  0xb4, 0x5a, 0xdf, 0xbf, 0x7f, 0xe5, 0xe9, 0x81, 0xd4, 0xf5, 0xa6, 0xf9,
  0xd0, 0xd7, 0xcf, 0x7f, 0xfc, 0xad, 0x32, 0xc0, 0xb3, 0x81, 0xdf, 0x1e,
  0x3b, 0x2b, 0x15, 0xdf, 0x81, 0xdc, 0x04, 0x65, 0x3d, 0x81, 0x14, 0xf1,
  0xda, 0x23, 0x47, 0x45, 0xd9, 0x00, 0x4b, 0x73, 0xd0, 0xa5, 0x81, 0x85,
  0x52, 0x7f, 0xf8, 0x4e, 0x0d, 0xb2, 0xf7, 0x49, 0xfb, 0x4a, 0x81, 0x30,
  0xfe, 0x0e, 0xf7, 0x81, 0x01, 0x25, 0x51, 0xfa, 0x9e, 0xd8, 0x7f, 0x2b,
  0xb5, 0x32, 0x1c, 0x7f, 0xe2, 0xb7, 0xda, 0xb2, 0x3b, 0x20, 0xf6, 0x0a,
  0x81, 0xf7, 0xfa, 0xa6, 0xe7, 0x1b, 0x79, 0x1e, 0x09, 0xe5, 0x81, 0xe2,
  0x46, 0xd1, 0xff, 0xff, 0x04, 0x00, 0x00, 0x00, 0x40, 0x00, 0x00, 0x00,
  0xdf, 0xf9, 0xff, 0xff, 0x04, 0x01, 0x00, 0x00, 0xdd, 0xff, 0xff, 0xff,
  0x10, 0x07, 0x00, 0x00, 0x0e, 0x00, 0x00, 0x00, 0xff, 0x01, 0x00, 0x00,
  0xdb, 0xff, 0xff, 0xff, 0xf5, 0x02, 0x00, 0x00, 0xc0, 0x02, 0x00, 0x00,
  0xb5, 0x06, 0x00, 0x00, 0x31, 0xf9, 0xff, 0xff, 0x19, 0x01, 0x00, 0x00,
  0xe3, 0xf6, 0xff, 0xff, 0x4c, 0x00, 0x00, 0x00, 0xeb, 0xff, 0xff, 0xff,
  0x3c, 0x01, 0x00, 0x00, 0x92, 0xd1, 0xff, 0xff, 0x04, 0x00, 0x00, 0x00,
  0x00, 0x0a, 0x00, 0x00, 0xfc, 0xd4, 0x4a, 0xe7, 0xe0, 0x1b, 0xc5, 0xe9,
  0xca, 0x0f, 0x24, 0x48, 0x07, 0x43, 0xd9, 0xcc, 0x4b, 0x28, 0xcb, 0xf1,
  0x0c, 0x15, 0xfa, 0xfd, 0x1b, 0xe7, 0xcd, 0xe9, 0x00, 0xc8, 0x04, 0xdc,
  0xfe, 0x26, 0x21, 0xde, 0xc9, 0x9f, 0xe4, 0xfe, 0x2b, 0x11, 0x2a, 0x8e,
  0x06, 0x59, 0xf5, 0xea, 0x09, 0x20, 0x5c, 0xba, 0x4d, 0xfa, 0x2a, 0x04,
  0xc7, 0xd6, 0xf7, 0xe5, 0x14, 0x5e, 0x0f, 0xdc, 0x01, 0xda, 0xe9, 0xf7,
  0x04, 0x26, 0xfc, 0x10, 0x7f, 0x25, 0x05, 0xfa, 0x1e, 0xe0, 0x0d, 0x00,
  0x03, 0xff, 0x14, 0xfa, 0x30, 0xea, 0xf4, 0xe2, 0x0b, 0x00, 0x06, 0xf9,
  0x2c, 0xe6, 0x40, 0xf6, 0xeb, 0x08, 0xd6, 0xfd, 0xdf, 0xbd, 0xfe, 0x0d,
  0xdc, 0xf9, 0x0b, 0x22, 0x18, 0x19, 0x5b, 0xf7, 0x05, 0xf4, 0xf1, 0x24,
  0x23, 0xf4, 0x0b, 0x09, 0x2a, 0x0b, 0xed, 0x18, 0xf5, 0x11, 0x6d, 0x03,
  0x01, 0x07, 0xeb, 0xfd, 0x18, 0x13, 0x09, 0x04, 0xfb, 0xfa, 0x04, 0xf4,
  0x0b, 0xee, 0x5c, 0x15, 0xf7, 0x01, 0x01, 0x0b, 0xd9, 0xea, 0x19, 0x0a,
  0xdc, 0xf8, 0xe5, 0x1e, 0x06, 0x19, 0x7f, 0xca, 0x04, 0xf6, 0x26, 0x01,
  0xbf, 0x0f, 0x37, 0xf9, 0x2c, 0xe3, 0xc5, 0x35, 0xd0, 0x2b, 0x70, 0xd1,
  0xeb, 0xf9, 0xdf, 0xf8, 0xf7, 0x60, 0x7a, 0x28, 0x0c, 0xf7, 0x0c, 0x7f,
  0xe5, 0x28, 0x54, 0xf2, 0xc3, 0x0f, 0x44, 0xd4, 0xcc, 0x33, 0x52, 0x1d,
  0x22, 0xeb, 0x90, 0x2c, 0xef, 0x08, 0x40, 0x1a, 0x00, 0x1b, 0xdf, 0xe2,
  0xe3, 0xff, 0x7c, 0x18, 0x23, 0x02, 0xa5, 0x74, 0xe9, 0xd7, 0x5f, 0x23,
  0xfa, 0x40, 0xe9, 0xd8, 0x29, 0xca, 0x74, 0x4b, 0x4d, 0x0d, 0x32, 0x29,
  0xf1, 0x09, 0x2f, 0x70, 0x06, 0xfa, 0xfc, 0x0c, 0x1d, 0x0b, 0xfb, 0x3b,
  0x02, 0x16, 0x10, 0x0d, 0xe3, 0x13, 0x43, 0x10, 0xf5, 0x14, 0x02, 0x0a,
  0x40, 0x21, 0x1b, 0x0f, 0x43, 0xfb, 0xf8, 0x23, 0x1a, 0x52, 0x70, 0x23,
  0xeb, 0xf2, 0x18, 0xe7, 0x75, 0xd0, 0xeb, 0x13, 0x30, 0x1d, 0xfa, 0xe1,
  0x16, 0x26, 0x58, 0xeb, 0xd3, 0x12, 0x16, 0xf5, 0x50, 0xf6, 0x27, 0xf8,
  0xd4, 0xde, 0xe8, 0x58, 0xac, 0x56, 0x76, 0xd6, 0xdd, 0x16, 0x01, 0xfd,
  0x7f, 0xab, 0xb4, 0x03, 0xef, 0x01, 0xbb, 0xbf, 0xe1, 0x19, 0x42, 0xab,
  0x0a, 0xc9, 0xcb, 0x81, 0xbc, 0xdc, 0x02, 0x18, 0x85, 0x05, 0xea, 0xf8,
  0x02, 0xef, 0xed, 0xeb, 0x12, 0xef, 0xf0, 0xf9, 0xee, 0x0c, 0x22, 0x06,
  0x0e, 0x36, 0xfc, 0x2d, 0xf7, 0xc8, 0x07, 0x02, 0x1f, 0x03, 0xac, 0x22,
  0xf8, 0xfa, 0xef, 0xeb, 0x2a, 0x18, 0x00, 0xfe, 0x18, 0xcf, 0xfb, 0x07,
  0x0b, 0xff, 0xd1, 0xe6, 0xdd, 0x07, 0xdd, 0xe2, 0xd2, 0xfd, 0x00, 0xc5,
  0x07, 0x10, 0xd2, 0x18, 0x20, 0xe6, 0x30, 0x0e, 0x3c, 0x07, 0x14, 0xd7,
  0xcb, 0xf1, 0xf6, 0x13, 0xf7, 0x28, 0x82, 0xf2, 0x00, 0xb9, 0xac, 0x18,
  0xf5, 0x81, 0xc9, 0xfc, 0x2b, 0xfd, 0x13, 0xd4, 0x1c, 0xeb, 0x2e, 0xe3,
  0xf7, 0x00, 0xea, 0x13, 0x04, 0xdd, 0x16, 0xfd, 0x1c, 0x0f, 0x0d, 0xf6,
  0x0a, 0xea, 0x48, 0x14, 0xf9, 0x23, 0xe4, 0xd3, 0xe4, 0x12, 0xec, 0x03,
  0xf8, 0xfe, 0x25, 0x14, 0x1f, 0x22, 0x36, 0xff, 0x12, 0xe3, 0xc9, 0xea,
  0x98, 0x0f, 0x08, 0x10, 0xd7, 0x06, 0xfd, 0x10, 0xe2, 0x1b, 0x42, 0x00,
  0x0f, 0xf4, 0xc4, 0xe9, 0xc7, 0xf8, 0x1b, 0x11, 0x02, 0x27, 0xdd, 0x3d,
  0xff, 0xee, 0x24, 0xf4, 0x03, 0x09, 0xe2, 0x81, 0x02, 0xbf, 0x0e, 0x03,
  0x03, 0x01, 0x03, 0xea, 0x02, 0x16, 0xf9, 0x14, 0xff, 0xfe, 0xe3, 0x9e,
  0xfb, 0xe6, 0x2e, 0x00, 0x0b, 0xe9, 0xf0, 0x1a, 0xf8, 0x11, 0xfb, 0xe6,
  0x0e, 0x01, 0x19, 0xe7, 0x4b, 0xf6, 0x17, 0x11, 0xfb, 0xf5, 0xff, 0x1a,
  0x35, 0x15, 0xf4, 0x0e, 0xfc, 0x0a, 0x21, 0x15, 0x1b, 0x09, 0x10, 0xfa,
  0xdb, 0x00, 0x0a, 0x2c, 0x11, 0x18, 0xef, 0x0b, 0x01, 0xee, 0x20, 0x02,
  0x2d, 0x13, 0x06, 0x11, 0xf3, 0x11, 0xe7, 0x1a, 0x0d, 0xfe, 0xe3, 0xde,
  0x0a, 0x2e, 0xeb, 0xb7, 0x10, 0xb7, 0xf8, 0x1a, 0xe2, 0x0d, 0x0a, 0xfc,
  0x1c, 0x45, 0x00, 0x0f, 0x03, 0x12, 0xf2, 0xc1, 0x06, 0xda, 0x06, 0xe9,
  0xcf, 0xf8, 0x0a, 0x1a, 0xe5, 0x23, 0x31, 0xf9, 0xf5, 0x07, 0xf7, 0xdf,
  0x20, 0xee, 0xdd, 0x27, 0xbe, 0x06, 0x0b, 0xf1, 0x24, 0xf4, 0x41, 0xf0,
  0xff, 0x03, 0xed, 0xf5, 0xf6, 0xe7, 0xf2, 0x02, 0x81, 0x04, 0x05, 0x0d,
  0x02, 0xf2, 0x23, 0xea, 0x01, 0xa8, 0xef, 0x11, 0x15, 0xf5, 0x99, 0x05,
  0x85, 0xf0, 0x11, 0xbe, 0x0e, 0xe2, 0x28, 0xd1, 0xe1, 0xdb, 0x5d, 0xde,
  0x34, 0x05, 0xf1, 0xf5, 0x00, 0x1e, 0x06, 0x01, 0x2b, 0xfb, 0xf7, 0xd3,
  0x15, 0xe6, 0x54, 0x8a, 0x75, 0x1a, 0xf1, 0xfa, 0xe7, 0x07, 0x0e, 0x1a,
  0x14, 0x18, 0xee, 0xe5, 0xe6, 0xeb, 0x06, 0xa2, 0x32, 0xf6, 0x03, 0xe1,
  0xa2, 0x0a, 0xfb, 0xf7, 0x12, 0x0e, 0x03, 0xe6, 0x30, 0xdd, 0x44, 0x81,
  0x0a, 0xc8, 0x13, 0x0b, 0xec, 0x19, 0xea, 0xe5, 0xe2, 0xcc, 0xf2, 0xc5,
  0x05, 0x09, 0xd0, 0xa9, 0x0d, 0xdb, 0x10, 0x0d, 0x0d, 0x07, 0x02, 0x02,
  0xe9, 0xf7, 0x3a, 0xe5, 0xdf, 0x9d, 0x18, 0xed, 0x17, 0x32, 0x3d, 0x10,
  0xc4, 0x06, 0xd4, 0x14, 0x20, 0xaf, 0xea, 0xec, 0xe9, 0xfb, 0x29, 0xa3,
  0x2c, 0x06, 0x4b, 0x18, 0xd7, 0x00, 0x10, 0x36, 0x21, 0x08, 0x21, 0xf7,
  0xfb, 0xce, 0x2a, 0x81, 0x56, 0x24, 0x32, 0x36, 0xdb, 0x1f, 0x09, 0x4c,
  0x1d, 0xcb, 0x22, 0x1d, 0x05, 0xe8, 0x09, 0x8d, 0x0b, 0x2b, 0x19, 0x0a,
  0xec, 0x3d, 0x26, 0x48, 0x0c, 0xf7, 0x1b, 0xe5, 0x29, 0x03, 0x6b, 0xc8,
  0x37, 0xce, 0x34, 0x05, 0xf1, 0x01, 0x08, 0x14, 0xfc, 0xd3, 0xf1, 0xf0,
  0x02, 0xfa, 0x1b, 0xf7, 0xdf, 0x39, 0x20, 0xed, 0xe1, 0x0c, 0xee, 0x33,
  0x0e, 0xbb, 0x88, 0xff, 0x21, 0xfe, 0xf6, 0x16, 0xa4, 0x1b, 0x15, 0xf7,
  0x20, 0x11, 0x03, 0xfe, 0xe7, 0xca, 0xa0, 0x0a, 0xfa, 0x08, 0xf9, 0xf1,
  0xe9, 0x0e, 0x29, 0xf9, 0x05, 0x03, 0xf9, 0xc8, 0xe5, 0xf8, 0xa1, 0x0d,
  0xff, 0x13, 0xed, 0xe6, 0x01, 0xf9, 0xd4, 0xeb, 0x1c, 0x06, 0x18, 0xe8,
  0xca, 0x12, 0x81, 0x00, 0x05, 0xe0, 0xf7, 0x26, 0xd5, 0x1a, 0xdf, 0xf7,
  0x12, 0x17, 0xdd, 0xd1, 0xe8, 0x11, 0xbb, 0xc4, 0xf1, 0x1d, 0x25, 0x0e,
  0x00, 0xbf, 0x01, 0x17, 0x20, 0xe4, 0x0d, 0x9c, 0x0a, 0x38, 0x2c, 0x2f,
  0xe7, 0xeb, 0xe1, 0x23, 0x17, 0x14, 0x61, 0x0c, 0x00, 0xe0, 0xe5, 0x50,
  0xf3, 0x30, 0xf0, 0xd4, 0xe8, 0xe2, 0x26, 0xfc, 0x7f, 0x1e, 0x49, 0xfb,
  0x03, 0x1e, 0xe0, 0x4e, 0x1b, 0xe4, 0x0b, 0xdf, 0xff, 0x1c, 0x18, 0x17,
  0xe9, 0x02, 0x1c, 0x06, 0x0b, 0x2a, 0x15, 0xef, 0x0e, 0x4a, 0xf1, 0x15,
  0x2b, 0x13, 0x2b, 0x00, 0x37, 0x02, 0x26, 0xe4, 0xbd, 0xf3, 0x04, 0x2b,
  0xfe, 0xc4, 0xf7, 0x00, 0xf7, 0x01, 0x17, 0xf2, 0x5f, 0x8f, 0xf1, 0xf4,
  0x14, 0xfb, 0xff, 0xd3, 0x26, 0xdd, 0x3b, 0xe7, 0xe5, 0x1c, 0x31, 0xf4,
  0x5a, 0xc2, 0xf9, 0x07, 0xfd, 0x0e, 0xe3, 0x11, 0x24, 0x1a, 0x4f, 0x1d,
  0x0a, 0x0a, 0xec, 0xf6, 0x15, 0xfa, 0x2b, 0x47, 0xcd, 0x1b, 0x12, 0x17,
  0xf2, 0x38, 0x4b, 0xdb, 0xf3, 0xfe, 0x26, 0xf8, 0x7f, 0x15, 0xf8, 0xfe,
  0x29, 0x1e, 0xd8, 0x21, 0x0d, 0xea, 0x47, 0xe4, 0xe1, 0x09, 0x0d, 0xf5,
  0x58, 0xa1, 0x08, 0x1c, 0x1f, 0x24, 0x08, 0x0e, 0x2b, 0x38, 0x23, 0xee,
  0xfb, 0x55, 0x9d, 0x19, 0xc0, 0xe6, 0x15, 0xfa, 0xf2, 0x1a, 0x0a, 0xdd,
  0xf8, 0x13, 0x2b, 0x16, 0xef, 0x33, 0x0f, 0x11, 0x4a, 0xb4, 0xba, 0xc8,
  0x1d, 0x01, 0x26, 0xe7, 0x04, 0x06, 0x27, 0x3a, 0x18, 0x17, 0x0a, 0x18,
  0xee, 0xd0, 0x3f, 0x95, 0xd1, 0x22, 0x12, 0x7f, 0xd4, 0x47, 0x27, 0x4e,
  0x04, 0xec, 0x3e, 0x12, 0x50, 0xfb, 0x2b, 0xfd, 0x0a, 0xf2, 0x01, 0xfc,
  0xf0, 0x24, 0x24, 0xfb, 0xdc, 0x2a, 0x4f, 0x02, 0x2b, 0x2d, 0xe5, 0x0c,
  0xdc, 0xe1, 0xde, 0xf4, 0xcb, 0x24, 0x1e, 0xc9, 0xfa, 0xf5, 0x05, 0x9e,
  0xde, 0x1e, 0x28, 0xf9, 0xfb, 0x07, 0x10, 0x18, 0x00, 0xf7, 0xff, 0xfe,
  0x22, 0x01, 0xd3, 0x98, 0xfe, 0xf8, 0x0c, 0xf4, 0xfe, 0x01, 0x0c, 0x00,
  0x03, 0x04, 0xea, 0x13, 0xf1, 0x06, 0xdb, 0xbe, 0xfa, 0xc3, 0xf9, 0x12,
  0xf8, 0xf9, 0xf0, 0xbd, 0x0c, 0xfc, 0xd4, 0xfe, 0x15, 0xea, 0xf2, 0xf3,
  0x05, 0x1f, 0x1b, 0x0f, 0x31, 0xff, 0xe3, 0x27, 0xf8, 0xfe, 0x9e, 0xeb,
  0x17, 0x02, 0x21, 0xe7, 0x7f, 0x13, 0x0c, 0x0e, 0x6c, 0x04, 0xed, 0x34,
  0x22, 0x0a, 0xa5, 0x18, 0x19, 0x16, 0x03, 0xf9, 0xda, 0xeb, 0x03, 0xfa,
  0x0e, 0x0a, 0x0b, 0xe9, 0xdb, 0x28, 0x1d, 0x28, 0x0b, 0x01, 0x10, 0xee,
  0x34, 0x06, 0x30, 0xef, 0xfc, 0xf3, 0xfc, 0x23, 0xe9, 0xfa, 0xff, 0x10,
  0x01, 0x07, 0x14, 0x01, 0x32, 0xf7, 0x12, 0xf0, 0xf5, 0x08, 0x0c, 0x11,
  0x06, 0x21, 0x0c, 0x07, 0xf3, 0x03, 0xf5, 0x08, 0xf3, 0x02, 0xab, 0xdd,
  0xd3, 0x03, 0xf8, 0xcf, 0xeb, 0x0a, 0x06, 0x0c, 0xed, 0x19, 0x12, 0x05,
  0x26, 0xff, 0x81, 0xb0, 0xeb, 0x02, 0xf4, 0xb9, 0xbf, 0xf2, 0x13, 0x05,
  0x26, 0xde, 0x4d, 0xfa, 0x2f, 0x06, 0x0a, 0xde, 0xcd, 0x27, 0xf4, 0x19,
  0xfa, 0x0a, 0xff, 0xf2, 0xfd, 0x18, 0x31, 0xd1, 0x7f, 0x29, 0x0a, 0xf7,
  0xe1, 0x10, 0xc9, 0x41, 0x2b, 0x02, 0xeb, 0xe2, 0xf0, 0xf6, 0x4c, 0xcf,
  0x6a, 0xfc, 0xb1, 0xf5, 0x20, 0x15, 0xff, 0xcd, 0x04, 0xed, 0xf1, 0x23,
  0xf7, 0xf8, 0xe0, 0xf9, 0x39, 0xdb, 0xc8, 0xef, 0xf9, 0x07, 0xdc, 0xe7,
  0xb6, 0x15, 0x0d, 0x27, 0xcb, 0x14, 0xe5, 0xf3, 0x3f, 0x03, 0x35, 0xf8,
  0xf1, 0x17, 0xcc, 0x24, 0xfc, 0xf3, 0x28, 0xfa, 0xee, 0x15, 0x4c, 0xdd,
  0x27, 0x28, 0x17, 0x09, 0xd7, 0x0a, 0xf6, 0x2a, 0x0b, 0x12, 0x25, 0x13,
  0xed, 0x02, 0x10, 0xe1, 0x41, 0x27, 0x16, 0x0c, 0xd3, 0xef, 0xdd, 0x18,
  0xf3, 0x00, 0x0b, 0x13, 0xe2, 0x03, 0x22, 0x01, 0x46, 0xed, 0xfb, 0x16,
  0xfb, 0x17, 0xe9, 0xe7, 0x04, 0xc3, 0x07, 0x19, 0xed, 0x1d, 0x05, 0xec,
  0x22, 0xec, 0x1d, 0xff, 0xf1, 0x0b, 0xf9, 0x23, 0xe2, 0x1e, 0x14, 0x0d,
  0xe1, 0x0e, 0x07, 0x16, 0x7f, 0xeb, 0x2c, 0x03, 0x2c, 0x05, 0x0c, 0x16,
  0xf7, 0x0f, 0x08, 0x1d, 0x01, 0x00, 0xf0, 0xd2, 0x39, 0x09, 0xcd, 0xb8,
  0x38, 0x21, 0x01, 0x33, 0x1b, 0xe9, 0x0b, 0x37, 0xf7, 0x40, 0x24, 0xc8,
  0x07, 0x29, 0x39, 0xf3, 0x3a, 0x07, 0x0a, 0x45, 0x2c, 0x22, 0x12, 0x22,
  0xf7, 0x1d, 0x38, 0xc2, 0xe4, 0x32, 0x40, 0x1b, 0xdb, 0xe7, 0xed, 0x2b,
  0x31, 0x34, 0x3b, 0x21, 0x00, 0xfa, 0xcd, 0xf8, 0xb9, 0xe6, 0xff, 0x04,
  0x0b, 0xf9, 0xda, 0xeb, 0x2e, 0x14, 0x13, 0xf3, 0x0d, 0xb7, 0xcd, 0xf3,
  0xd5, 0xf2, 0x81, 0xb2, 0xe6, 0x0c, 0x0d, 0x8e, 0xf8, 0x81, 0xf5, 0xba,
  0xff, 0x13, 0x3f, 0x02, 0x58, 0x01, 0x90, 0xe2, 0xd2, 0x50, 0xd4, 0x11,
  0x35, 0xdb, 0x49, 0x48, 0x40, 0x56, 0x3d, 0x01, 0x72, 0xe6, 0xf3, 0xfd,
  0xa8, 0x2f, 0x14, 0x16, 0x81, 0x2b, 0x51, 0x1d, 0xf6, 0x01, 0xe2, 0x3c,
  0x52, 0x03, 0x27, 0xa8, 0x3f, 0xf3, 0xd9, 0xe3, 0xda, 0xdb, 0x45, 0x08,
  0xf0, 0x2a, 0x7a, 0xee, 0x7e, 0x08, 0x34, 0xd1, 0xef, 0x11, 0x10, 0x1f,
  0x00, 0x24, 0x20, 0x5e, 0xbf, 0x75, 0xde, 0xff, 0x34, 0xed, 0xb9, 0xbd,
  0x06, 0xee, 0xc9, 0xb1, 0x93, 0x3e, 0x44, 0x3e, 0xa3, 0x1c, 0x4e, 0x04,
  0x7f, 0xe2, 0x23, 0x02, 0xf0, 0x25, 0xce, 0x3b, 0xf3, 0x01, 0xf8, 0xc1,
  0x07, 0x35, 0x58, 0xf4, 0x74, 0x32, 0x43, 0x0f, 0xcf, 0x48, 0xc4, 0x2c,
  0x08, 0x39, 0x38, 0x21, 0xda, 0x12, 0xe1, 0x1e, 0x35, 0x57, 0xda, 0x17,
  0x15, 0x2b, 0xeb, 0x08, 0xb6, 0x0e, 0x27, 0x49, 0xe4, 0x1b, 0x5f, 0xde,
  0x3f, 0xcb, 0xf5, 0xa2, 0x18, 0x28, 0xa4, 0xcf, 0x94, 0xd2, 0xf1, 0xce,
  0xf6, 0x03, 0x2d, 0xe3, 0x18, 0xea, 0x43, 0x1e, 0xd6, 0x0f, 0x10, 0x54,
  0xc8, 0x14, 0x1a, 0x06, 0xfb, 0xee, 0xed, 0x81, 0x48, 0xb5, 0xd9, 0x05,
  0x2b, 0xfb, 0xf9, 0xee, 0x0c, 0x03, 0x07, 0x14, 0x09, 0x19, 0xb4, 0xc0,
  0x2f, 0x8a, 0x10, 0x0d, 0x0a, 0x01, 0x0b, 0x21, 0x2d, 0x2b, 0xeb, 0xee,
  0xfe, 0x09, 0xd8, 0xd6, 0x0c, 0x07, 0x3f, 0x0d, 0x11, 0xfe, 0xfb, 0x4d,
  0x10, 0x1c, 0x44, 0x00, 0xee, 0x35, 0xfe, 0xe5, 0x0f, 0x1a, 0x21, 0x24,
  0xf4, 0xf3, 0xf7, 0x11, 0x1a, 0x02, 0x11, 0xfd, 0xff, 0xe4, 0x0d, 0x0c,
  0xcc, 0x19, 0x1c, 0x25, 0xaa, 0xc6, 0x08, 0x3c, 0x26, 0x2f, 0x3c, 0xd2,
  0xf1, 0x04, 0x27, 0xef, 0x34, 0x38, 0x30, 0xe9, 0xfc, 0xf8, 0xd9, 0x26,
  0x06, 0x06, 0x81, 0x11, 0x02, 0xf0, 0x1b, 0xfd, 0x22, 0x29, 0x20, 0xfd,
  0xf5, 0x08, 0xf8, 0x37, 0x0f, 0x2b, 0x8c, 0x0b, 0x0b, 0xee, 0x17, 0xff,
  0x19, 0x1b, 0x03, 0xfb, 0xc7, 0xf4, 0x23, 0x1e, 0x1e, 0xee, 0xb4, 0xfd,
  0x07, 0x0c, 0x22, 0x02, 0x15, 0x1b, 0xfc, 0x00, 0xaa, 0xde, 0xef, 0xef,
  0xce, 0xd9, 0x9f, 0xe7, 0xee, 0x28, 0x47, 0xfd, 0x21, 0x0d, 0xf9, 0x16,
  0xe9, 0x01, 0xe0, 0xf5, 0xec, 0xf5, 0xaf, 0x1a, 0xf7, 0x3c, 0x02, 0x1f,
  0x1a, 0x31, 0xfe, 0x01, 0x3d, 0xee, 0x02, 0xfd, 0xf5, 0xd5, 0x59, 0x22,
  0xf8, 0x19, 0x07, 0x0c, 0xf5, 0x26, 0x23, 0x10, 0xf8, 0xfd, 0x09, 0x20,
  0xf9, 0x26, 0x1c, 0x0e, 0xf1, 0x09, 0x07, 0x1b, 0xe7, 0x16, 0x23, 0x0a,
  0x12, 0xf5, 0xd1, 0x10, 0xfa, 0x10, 0xfc, 0xfe, 0x11, 0x02, 0xe3, 0x0a,
  0x2a, 0xd8, 0x1c, 0xe2, 0x47, 0xf3, 0x13, 0x06, 0xe3, 0xfd, 0x2e, 0x1d,
  0xbb, 0x19, 0xfd, 0xc3, 0x7f, 0xa7, 0xc1, 0xe8, 0xfa, 0xf4, 0x00, 0xbb,
  0x0f, 0x1a, 0x54, 0x04, 0xfb, 0xd3, 0x0f, 0x93, 0xdb, 0x51, 0x26, 0x16,
  0x3e, 0x1c, 0xee, 0x1e, 0x1f, 0xe1, 0xcb, 0x0d, 0x02, 0xe7, 0x1d, 0xa0,
  0xdb, 0x40, 0x48, 0x30, 0xdf, 0xf7, 0xc3, 0x43, 0xf0, 0x09, 0xf4, 0xe4,
  0x12, 0xb4, 0xfd, 0x94, 0xe7, 0x12, 0x18, 0x2d, 0xfe, 0xfd, 0xe9, 0x33,
  0x22, 0xea, 0xc6, 0xec, 0x32, 0xe0, 0x18, 0x8d, 0xd7, 0x25, 0x16, 0x21,
  0x04, 0x0c, 0xf0, 0x30, 0x05, 0xec, 0x34, 0xee, 0x0f, 0xf5, 0xef, 0x81,
  0x26, 0xf9, 0xde, 0x21, 0x13, 0x13, 0x05, 0x0d, 0x1a, 0xf0, 0xfc, 0xf8,
  0xf9, 0xcb, 0xff, 0x07, 0x2a, 0xff, 0x0d, 0xf1, 0x14, 0xfb, 0xf2, 0xf5,
  0x09, 0xe3, 0x55, 0xd5, 0xeb, 0xc7, 0x07, 0xfd, 0x3b, 0x96, 0xe0, 0x02,
  0x13, 0x1c, 0x2f, 0xfb, 0x1c, 0x34, 0x7a, 0x09, 0x06, 0x05, 0xf2, 0xfb,
  0xed, 0xed, 0x45, 0x03, 0xa2, 0x08, 0x04, 0x56, 0xf1, 0x1a, 0x3b, 0xfe,
  0xf6, 0x1a, 0xfe, 0xfb, 0xad, 0x02, 0x31, 0x1f, 0xd9, 0xf4, 0xb6, 0x1e,
  0x37, 0xf8, 0x7f, 0xb6, 0x03, 0x20, 0xce, 0xf1, 0xd7, 0xfb, 0x01, 0x3c,
  0x0c, 0x0d, 0xc7, 0x1e, 0xd1, 0xe4, 0x31, 0x08, 0x18, 0x19, 0xd4, 0x89,
  0xba, 0xe2, 0xd9, 0x02, 0xd4, 0x04, 0x19, 0xda, 0xf9, 0xf3, 0x19, 0x13,
  0xf2, 0x10, 0x81, 0xba, 0xb1, 0xab, 0xbf, 0xc7, 0xe7, 0xf7, 0xe7, 0xc4,
  0xd9, 0xc8, 0xb9, 0x01, 0xfa, 0x16, 0xdf, 0xeb, 0xe8, 0xff, 0xf5, 0xef,
  0xf5, 0x01, 0x06, 0xfb, 0xd4, 0xf7, 0xb4, 0x11, 0xf4, 0x16, 0x20, 0x23,
  0x2a, 0x20, 0x32, 0xf2, 0x2b, 0xf4, 0xfd, 0x1b, 0xf3, 0x1d, 0xb5, 0x0f,
  0x01, 0xe3, 0x44, 0x41, 0x32, 0x2b, 0x33, 0x13, 0xeb, 0xfd, 0xee, 0x29,
  0x19, 0x24, 0xa6, 0xf1, 0xef, 0x12, 0xda, 0xe0, 0x10, 0xf4, 0xf9, 0x02,
  0xcd, 0xed, 0xf6, 0x24, 0xaf, 0x0a, 0xf0, 0x04, 0xf7, 0x1e, 0xb0, 0xe1,
  0xcd, 0xdd, 0x15, 0xfc, 0xda, 0xe7, 0x15, 0xf4, 0xe6, 0x03, 0xcb, 0x22,
  0xec, 0xeb, 0x15, 0x00, 0x51, 0xdf, 0x68, 0x16, 0x0e, 0xdc, 0xf0, 0x4b,
  0x22, 0x17, 0x9f, 0xf5, 0xf1, 0xc8, 0x29, 0xf9, 0x4f, 0x45, 0x7f, 0x1f,
  0xf4, 0x15, 0x19, 0x41, 0x2d, 0x58, 0xcf, 0xfc, 0x21, 0xd3, 0x45, 0xc9,
  0x56, 0x15, 0x3d, 0x49, 0xf0, 0x1f, 0xf5, 0x20, 0x3a, 0x08, 0xaa, 0xf3,
  0x0c, 0xfd, 0x24, 0x91, 0x53, 0xc6, 0x06, 0xe5, 0xb5, 0xf0, 0xee, 0x0c,
  0xf1, 0x16, 0xc1, 0xee, 0xdf, 0xd6, 0xda, 0xaf, 0xed, 0xcf, 0xf7, 0x14,
  0xdc, 0x0c, 0x01, 0x0d, 0xe7, 0x0a, 0xe3, 0x0a, 0x17, 0x0b, 0x42, 0xbb,
  0x7f, 0x14, 0x1b, 0x07, 0x18, 0x0b, 0x29, 0x1a, 0x2d, 0xde, 0x9b, 0xfe,
  0xfe, 0xf6, 0xe7, 0xc2, 0x3e, 0xcf, 0xfd, 0xdf, 0xd4, 0xfd, 0x27, 0x2f,
  0x08, 0x40, 0xde, 0x0e, 0xf5, 0xe2, 0x37, 0xf1, 0x39, 0x01, 0x0b, 0xec,
  0xed, 0x07, 0xe0, 0x14, 0x14, 0x2b, 0x0c, 0xe1, 0xfe, 0x25, 0xe5, 0xdc,
  0xd2, 0x1d, 0x12, 0xf9, 0xfa, 0x17, 0x22, 0x05, 0xfb, 0x1c, 0xcb, 0x20,
  0xf9, 0x00, 0x2c, 0xda, 0x31, 0x0b, 0xf1, 0xfa, 0xdd, 0xec, 0xf3, 0xf9,
  0xfc, 0x0d, 0x97, 0xee, 0xfe, 0xf4, 0x2b, 0xd8, 0x24, 0x1a, 0x0f, 0xfc,
  0x0a, 0x0c, 0xf3, 0xf7, 0xf2, 0x08, 0x81, 0xed, 0xf7, 0x19, 0x3b, 0xbf,
  0x33, 0x23, 0x06, 0x07, 0x03, 0xf8, 0x12, 0x06, 0x04, 0x12, 0x83, 0x09,
  0xf5, 0x05, 0x2c, 0xc9, 0x12, 0x1f, 0xe2, 0x11, 0xd0, 0x12, 0xf9, 0xef,
  0xf6, 0x03, 0xb3, 0x02, 0xf6, 0xcb, 0x1c, 0x06, 0x28, 0x16, 0x13, 0x02,
  0x17, 0xfb, 0xde, 0x16, 0x00, 0x05, 0x27, 0xe1, 0xf7, 0xfe, 0x21, 0x18,
  0x2e, 0xfe, 0x0b, 0x1d, 0x0a, 0x0c, 0x04, 0x1d, 0x0f, 0x20, 0x32, 0xf7,
  0xf7, 0x01, 0x22, 0xec, 0x26, 0x01, 0x0c, 0x33, 0xff, 0x17, 0xee, 0xff,
  0x1b, 0x31, 0x24, 0x03, 0xf9, 0x11, 0x00, 0xff, 0x08, 0xd6, 0xa4, 0xf4,
  0x07, 0xfd, 0xed, 0xe3, 0xd4, 0x04, 0x10, 0x13, 0xf1, 0x2e, 0xf3, 0xee,
  0x3d, 0xbd, 0x81, 0xcf, 0xcb, 0xfe, 0xea, 0x99, 0xdb, 0xfc, 0x0a, 0xfc,
  0xcb, 0xd5, 0x13, 0xca, 0x24, 0xfc, 0xea, 0x20, 0x2b, 0x2b, 0x8a, 0xec,
  0x20, 0xc1, 0x4e, 0x81, 0xe0, 0x23, 0xff, 0x1d, 0x0e, 0x0a, 0x23, 0xe0,
  0x24, 0xee, 0xef, 0x25, 0xf9, 0x47, 0x2f, 0x28, 0xfa, 0x08, 0x0a, 0x27,
  0x0c, 0x58, 0x39, 0x16, 0x1c, 0xfd, 0xbe, 0x41, 0xe5, 0x32, 0x5c, 0x03,
  0xac, 0xd1, 0x18, 0x0d, 0x32, 0x33, 0x2f, 0x10, 0x54, 0x3a, 0xa3, 0x35,
  0xf2, 0xf9, 0x16, 0x04, 0xe9, 0x19, 0x00, 0xdd, 0x77, 0x09, 0x2a, 0xfd,
  0x22, 0xf6, 0x08, 0x23, 0xfb, 0xfb, 0x51, 0x3c, 0x9e, 0xdb, 0xff, 0xff,
  0x04, 0x00, 0x00, 0x00, 0x80, 0x00, 0x00, 0x00, 0xbc, 0x07, 0x00, 0x00,
  0x7c, 0xff, 0xff, 0xff, 0x68, 0xfc, 0xff, 0xff, 0xaf, 0xff, 0xff, 0xff,
  0xf8, 0xf9, 0xff, 0xff, 0x36, 0xff, 0xff, 0xff, 0x2b, 0xf6, 0xff, 0xff,
  0xb2, 0xfa, 0xff, 0xff, 0xd4, 0x0f, 0x00, 0x00, 0x67, 0x06, 0x00, 0x00,
  0x4a, 0x07, 0x00, 0x00, 0x47, 0xfb, 0xff, 0xff, 0xaf, 0x02, 0x00, 0x00,
  0x4c, 0xfd, 0xff, 0xff, 0x2e, 0x03, 0x00, 0x00, 0x05, 0x01, 0x00, 0x00,
  0x88, 0x05, 0x00, 0x00, 0x33, 0x00, 0x00, 0x00, 0xd7, 0xf0, 0xff, 0xff,
  0xbc, 0xfc, 0xff, 0xff, 0x38, 0x08, 0x00, 0x00, 0x87, 0xf0, 0xff, 0xff,
  0xfb, 0xfd, 0xff, 0xff, 0x64, 0xfd, 0xff, 0xff, 0xfb, 0x09, 0x00, 0x00,
  0xc7, 0x01, 0x00, 0x00, 0x06, 0x02, 0x00, 0x00, 0x84, 0xfb, 0xff, 0xff,
  0x0b, 0x0d, 0x00, 0x00, 0x8e, 0x05, 0x00, 0x00, 0x8e, 0x01, 0x00, 0x00,
  0x4a, 0x01, 0x00, 0x00, 0x2a, 0xdc, 0xff, 0xff, 0x04, 0x00, 0x00, 0x00,
  0x00, 0x18, 0x00, 0x00, 0xfa, 0xb5, 0xea, 0xee, 0x0f, 0xaf, 0xeb, 0xfc,
  0x21, 0x20, 0x50, 0x3c, 0xd8, 0x62, 0x02, 0x67, 0x4f, 0x18, 0x38, 0x03,
  0x43, 0xf4, 0x2f, 0xd8, 0x8f, 0x81, 0x7b, 0x36, 0xef, 0x2f, 0x4f, 0x12,
  0xe6, 0xfa, 0xdf, 0xfc, 0x16, 0xf1, 0x16, 0xf5, 0xd0, 0x0a, 0x31, 0x25,
  0x06, 0x2e, 0x9d, 0x22, 0x0a, 0x4c, 0x05, 0x3d, 0x1a, 0xd6, 0x2c, 0xc4,
  0xe1, 0x99, 0x60, 0x29, 0xeb, 0x23, 0x1b, 0xf4, 0xb9, 0xa9, 0xd1, 0xf1,
  0xfa, 0xf1, 0xf4, 0x38, 0x23, 0x0d, 0x12, 0xd5, 0xb6, 0xdc, 0x05, 0x32,
  0xb5, 0xb6, 0x03, 0x32, 0x5e, 0x17, 0x09, 0xc7, 0xfd, 0xf2, 0x02, 0x19,
  0x8d, 0xec, 0xf6, 0x02, 0xf3, 0xe7, 0xf4, 0x08, 0x1a, 0xc1, 0xd5, 0x2c,
  0xdd, 0xf2, 0xfd, 0x34, 0x11, 0x02, 0x04, 0x0d, 0x16, 0xef, 0x17, 0x23,
  0x16, 0xde, 0xfa, 0x2d, 0xfc, 0xfe, 0x02, 0xed, 0xea, 0xfc, 0x1c, 0x18,
  0xf6, 0xf8, 0x03, 0x07, 0xeb, 0xbe, 0xd2, 0x0e, 0xd7, 0xf8, 0x00, 0x07,
  0xfa, 0x14, 0xf0, 0x2b, 0x17, 0x0c, 0xf4, 0x1d, 0x00, 0x02, 0xfe, 0x2e,
  0xc7, 0x08, 0xe8, 0x90, 0xf9, 0xea, 0xfd, 0xf4, 0xf5, 0xdd, 0xfc, 0x16,
  0xe0, 0xe7, 0xb8, 0xee, 0xa9, 0x84, 0xfd, 0xf2, 0x16, 0x08, 0xf4, 0x27,
  0x2d, 0x2a, 0x1c, 0x0b, 0xe5, 0xe8, 0xe6, 0x02, 0x96, 0xe9, 0xf3, 0x81,
  0xd9, 0xe3, 0x0b, 0x13, 0xfd, 0xf3, 0xed, 0x06, 0xe1, 0xf8, 0xe7, 0x0a,
  0xe9, 0xc7, 0x01, 0x16, 0x1d, 0x09, 0xe9, 0x1b, 0xf9, 0x17, 0x0d, 0x13,
  0x0f, 0x08, 0xf2, 0x15, 0xb2, 0x0a, 0xfa, 0xd9, 0xef, 0x0a, 0x12, 0x0e,
  0xf8, 0xff, 0x19, 0x07, 0xe9, 0xc5, 0xf6, 0x0e, 0x03, 0xf9, 0x33, 0x03,
  0x1b, 0xea, 0xe3, 0x01, 0x11, 0x0d, 0x12, 0x03, 0x13, 0x05, 0xea, 0x17,
  0xd5, 0x0c, 0xf4, 0xef, 0xe7, 0x07, 0x37, 0x21, 0xf6, 0x16, 0xf6, 0x04,
  0xc6, 0xb4, 0xb8, 0x07, 0x04, 0xe7, 0xe5, 0x07, 0x1b, 0x0a, 0xed, 0x0b,
  0x19, 0x24, 0xef, 0x08, 0x0c, 0x09, 0xde, 0x18, 0x9e, 0xf9, 0x07, 0x81,
  0x22, 0x02, 0x36, 0xfb, 0xf5, 0xd5, 0xee, 0xcb, 0xdc, 0xe1, 0x1f, 0xe3,
  0xeb, 0xfc, 0x20, 0xfd, 0x05, 0xfb, 0xfa, 0x15, 0x30, 0x48, 0x81, 0xd6,
  0x3f, 0x01, 0x0c, 0xd2, 0x01, 0x99, 0x05, 0x1b, 0x1a, 0x0e, 0xf3, 0xce,
  0xf8, 0x00, 0xe1, 0xb4, 0x20, 0xf9, 0x2c, 0xbf, 0xff, 0xf1, 0x0c, 0x03,
  0xec, 0xc9, 0x24, 0x25, 0x0e, 0x14, 0xa2, 0xfd, 0x25, 0xc5, 0x16, 0xc2,
  0xed, 0xa4, 0x07, 0x10, 0xf2, 0x13, 0x16, 0x00, 0xf8, 0xf6, 0xc4, 0xdf,
  0x08, 0xe1, 0x19, 0xc5, 0x0c, 0x2e, 0x01, 0xf6, 0x0f, 0xe1, 0x0a, 0xe8,
  0x09, 0xff, 0x9c, 0x06, 0x14, 0x04, 0xfe, 0xb2, 0x03, 0xd9, 0x1b, 0x2d,
  0x20, 0x15, 0xea, 0xd5, 0xee, 0x2e, 0x3b, 0x21, 0x0d, 0x43, 0x1d, 0x1a,
  0xb7, 0xd9, 0x04, 0x24, 0x09, 0x5b, 0xf7, 0x33, 0x02, 0x38, 0x3f, 0x09,
  0xfc, 0x77, 0x2c, 0x43, 0xde, 0x3e, 0x45, 0x04, 0x10, 0xed, 0xdb, 0x19,
  0xf4, 0x34, 0xf4, 0x42, 0xe8, 0x1e, 0x66, 0x3f, 0xa9, 0xdd, 0x1e, 0xcb,
  0x1c, 0x55, 0x00, 0x49, 0x10, 0x37, 0x4f, 0x29, 0xee, 0x2e, 0x16, 0xe8,
  0xb6, 0x04, 0x30, 0xef, 0xaa, 0x28, 0xb3, 0x1a, 0xb7, 0x21, 0xbd, 0xe8,
  0xc1, 0x43, 0xd7, 0x14, 0xea, 0xeb, 0xa2, 0x08, 0xf3, 0x15, 0xc2, 0x28,
  0xba, 0xc6, 0x2c, 0xf4, 0x05, 0x00, 0xd6, 0x26, 0xde, 0x26, 0xfa, 0xd1,
  0xe0, 0x07, 0x81, 0xec, 0xc2, 0xff, 0x3e, 0x0d, 0x12, 0x49, 0xf4, 0x2a,
  0xaf, 0x20, 0xfb, 0x2c, 0x0f, 0x35, 0xdc, 0xfa, 0x26, 0x47, 0x37, 0x20,
  0x32, 0x55, 0x0a, 0x27, 0x06, 0x56, 0x17, 0x20, 0x1f, 0x03, 0xce, 0x1f,
  0xe5, 0xef, 0xe7, 0xf4, 0xe2, 0x4f, 0xf7, 0x1a, 0x92, 0xf6, 0x06, 0xc5,
  0x24, 0x71, 0xc6, 0x1f, 0x14, 0xfa, 0x69, 0x32, 0x21, 0xfa, 0x1f, 0x32,
  0xae, 0x2b, 0x1b, 0xcf, 0xbc, 0x0d, 0xf9, 0x33, 0xd1, 0x0b, 0xe2, 0xc9,
  0xbd, 0x11, 0x81, 0xfb, 0x07, 0xde, 0xd7, 0xde, 0xd7, 0xe6, 0x01, 0x0a,
  0xf9, 0x02, 0x41, 0xcf, 0x1c, 0xd4, 0xf9, 0x06, 0xd0, 0xb3, 0xc5, 0xb1,
  0xb9, 0x57, 0xf7, 0x09, 0x05, 0x20, 0x28, 0x14, 0xd5, 0x3c, 0xe5, 0x20,
  0xe7, 0x0b, 0x08, 0xfc, 0x16, 0xf4, 0x15, 0x05, 0x21, 0x1e, 0x1c, 0x25,
  0x35, 0x31, 0xda, 0x0d, 0xe9, 0x58, 0xa3, 0xf3, 0xfb, 0xca, 0x4c, 0x2e,
  0xcf, 0x12, 0x1b, 0x38, 0xad, 0x1a, 0xf8, 0x1e, 0xd6, 0xf3, 0xff, 0xbe,
  0x3f, 0xf1, 0xb8, 0xdf, 0xe2, 0x1e, 0xe5, 0x12, 0xf9, 0x3d, 0xc5, 0x31,
  0xc9, 0x33, 0xa6, 0xe1, 0xee, 0xd1, 0x5e, 0xe6, 0x04, 0x30, 0x03, 0x4a,
  0x81, 0x3a, 0x19, 0xfb, 0xca, 0xdd, 0xd2, 0x30, 0x31, 0xff, 0xfa, 0xb8,
  0x00, 0x26, 0xf1, 0x04, 0xde, 0x00, 0x8a, 0x39, 0xcd, 0x34, 0xbc, 0xee,
  0x35, 0xe2, 0x35, 0x19, 0xe4, 0x23, 0xc5, 0xe6, 0xf6, 0xfd, 0xff, 0x5a,
  0x06, 0xea, 0xdc, 0xde, 0x27, 0xfe, 0xe9, 0xff, 0xf9, 0xec, 0x3b, 0x01,
  0x01, 0x42, 0xfb, 0xc3, 0x11, 0xef, 0x05, 0x2c, 0x13, 0x18, 0x6c, 0xa3,
  0x1f, 0x17, 0xc7, 0xd4, 0xd4, 0xfd, 0x03, 0x22, 0x08, 0x20, 0xe5, 0xf0,
  0x17, 0x06, 0xfc, 0xcc, 0x05, 0xf9, 0x1a, 0xf1, 0xb3, 0x3f, 0xff, 0xb6,
  0x00, 0xe9, 0x09, 0x12, 0x28, 0xff, 0x3e, 0x8e, 0xfd, 0x1d, 0xfd, 0xe4,
  0x03, 0xf8, 0x0a, 0x2d, 0x01, 0x23, 0xf7, 0xda, 0x03, 0xdf, 0x13, 0xc6,
  0x27, 0x0d, 0x09, 0xed, 0xf1, 0x7f, 0x27, 0xca, 0xe2, 0xe1, 0xe5, 0x38,
  0x09, 0xf7, 0x2d, 0xc6, 0xfd, 0x1f, 0xf8, 0xfc, 0xe3, 0xee, 0x19, 0x2b,
  0xf2, 0xf4, 0x00, 0xfa, 0x25, 0x25, 0xf9, 0x0d, 0x02, 0x13, 0x12, 0x0d,
  0x15, 0x08, 0x20, 0xf3, 0xef, 0x1a, 0x49, 0x01, 0xfa, 0x2f, 0x1f, 0xe9,
  0xf6, 0x15, 0x0e, 0xf6, 0xc4, 0xf2, 0xd0, 0xfd, 0xf0, 0xe7, 0xfd, 0xf8,
  0xff, 0xf9, 0xf1, 0x1a, 0xfd, 0x21, 0x22, 0x01, 0xfa, 0xfd, 0x1c, 0x0d,
  0xd3, 0xdd, 0xf9, 0xc7, 0xe0, 0xe5, 0x2b, 0x15, 0x06, 0xd9, 0x0d, 0xf4,
  0xc3, 0xfd, 0x94, 0xf5, 0x02, 0xe8, 0xfe, 0xd1, 0x20, 0xdd, 0xe0, 0x07,
  0x18, 0x1f, 0x0a, 0xf9, 0x06, 0x81, 0xde, 0xfa, 0xf0, 0xf8, 0x11, 0x90,
  0xdc, 0xdc, 0x25, 0x12, 0x11, 0xea, 0x1c, 0x17, 0xf1, 0xb2, 0xe7, 0xf0,
  0x0b, 0x1d, 0x02, 0x41, 0x14, 0x35, 0xe8, 0x6d, 0x1a, 0xf3, 0x15, 0xe8,
  0x0c, 0xf6, 0x42, 0xd9, 0xc5, 0xc2, 0x45, 0x3d, 0xe1, 0x18, 0x14, 0xe6,
  0xe5, 0xf0, 0xcc, 0x18, 0x0f, 0xe8, 0x0d, 0xe7, 0xff, 0x17, 0x19, 0x13,
  0x01, 0xff, 0xde, 0x6e, 0xe6, 0x29, 0xec, 0x27, 0x4a, 0xc3, 0x02, 0xc4,
  0xe8, 0xa4, 0x38, 0x62, 0x14, 0x45, 0x2c, 0x06, 0xee, 0xfb, 0x17, 0xf6,
  0xf3, 0x2b, 0x2a, 0xa8, 0xed, 0x04, 0xf9, 0x25, 0xcf, 0xe1, 0x49, 0xf8,
  0xdb, 0xdd, 0x10, 0x10, 0x1d, 0xd3, 0x25, 0xe1, 0x15, 0x0b, 0xf5, 0x7f,
  0xb8, 0xec, 0xb2, 0xe0, 0xff, 0xc4, 0xe2, 0xed, 0xd8, 0xdf, 0x0a, 0xb5,
  0x04, 0x1d, 0x12, 0xed, 0xe1, 0x19, 0xfb, 0x0f, 0xea, 0x2e, 0x48, 0xf0,
  0x49, 0xcc, 0x0c, 0x29, 0xe8, 0xf9, 0xc6, 0xb1, 0x4f, 0x15, 0x81, 0x08,
  0x13, 0xc9, 0x18, 0x9b, 0xd5, 0xe7, 0x34, 0xc0, 0xda, 0xf8, 0x0b, 0x3c,
  0xeb, 0xb5, 0xfa, 0x1c, 0x0a, 0x3b, 0xd5, 0xec, 0x44, 0xd8, 0x13, 0xca,
  0x04, 0xb0, 0xdb, 0x31, 0x55, 0x33, 0x86, 0xed, 0x0a, 0xc7, 0xf5, 0xb3,
  0xf1, 0xd2, 0x35, 0xb6, 0x15, 0xef, 0x23, 0x18, 0xf1, 0xf2, 0xff, 0xe8,
  0xf6, 0x0c, 0x19, 0xf4, 0x33, 0xf9, 0x3c, 0xb7, 0xf6, 0xa8, 0xfb, 0xfd,
  0x0a, 0x36, 0x8c, 0xf4, 0xf0, 0xf1, 0x19, 0xf6, 0xdf, 0x10, 0x0c, 0xce,
  0x15, 0xea, 0xf3, 0x00, 0x04, 0xe1, 0x1f, 0xaf, 0xe0, 0xcf, 0x0a, 0xbc,
  0xc8, 0x36, 0xdc, 0xf7, 0xff, 0x0c, 0x0c, 0x2b, 0x02, 0xc5, 0x17, 0x81,
  0xda, 0xf3, 0xff, 0xed, 0xff, 0xf5, 0x16, 0xae, 0xf3, 0x04, 0xe6, 0xf8,
  0xff, 0xbb, 0x04, 0xa7, 0xe7, 0x01, 0xf2, 0xe1, 0xfe, 0x21, 0xfb, 0xbf,
  0xf4, 0xef, 0xee, 0x00, 0x07, 0xd9, 0xb0, 0xa8, 0x0f, 0x1e, 0x12, 0xa7,
  0x00, 0x11, 0x2e, 0xe5, 0xf0, 0x30, 0xf6, 0x27, 0x19, 0x04, 0x02, 0x21,
  0xf6, 0x11, 0x42, 0xf4, 0x04, 0x37, 0x12, 0xc9, 0xfa, 0x38, 0x2f, 0x2d,
  0x05, 0xe7, 0xe3, 0xf1, 0xf8, 0xf7, 0x04, 0xec, 0x0e, 0xdb, 0x02, 0xe7,
  0xed, 0x0d, 0x04, 0x01, 0xec, 0x0f, 0x0b, 0x11, 0xfc, 0x1b, 0xf9, 0x0f,
  0x07, 0xee, 0x1f, 0xf5, 0x17, 0xf6, 0x3b, 0x04, 0xf9, 0x02, 0xe6, 0x0f,
  0x0e, 0x2c, 0x0a, 0xfe, 0xfd, 0xde, 0xff, 0xf8, 0xdc, 0x0f, 0xff, 0xfe,
  0xf1, 0x03, 0x14, 0x04, 0xf6, 0x1b, 0xf8, 0xff, 0xf6, 0xfd, 0x26, 0x14,
  0x0c, 0xdc, 0x11, 0x08, 0xf7, 0x0e, 0xe4, 0xd0, 0xe6, 0x1b, 0x24, 0x0d,
  0xe0, 0xce, 0xb1, 0xeb, 0xc4, 0xe5, 0xe3, 0xe0, 0xff, 0x00, 0xf0, 0x08,
  0xfe, 0xfe, 0x14, 0x04, 0xd0, 0xf5, 0x03, 0x1a, 0xd6, 0x25, 0x10, 0x81,
  0xd4, 0xf1, 0xf8, 0xe0, 0x24, 0xbe, 0x0d, 0x18, 0x30, 0xcf, 0xcf, 0x27,
  0xd0, 0x03, 0x08, 0x14, 0xfe, 0x25, 0x02, 0x2f, 0x42, 0xe7, 0x01, 0x34,
  0x2d, 0xb3, 0xf2, 0x15, 0xa9, 0x04, 0x1f, 0xd8, 0xdd, 0xf7, 0x02, 0x15,
  0xf8, 0xf0, 0x2e, 0x2c, 0x21, 0xe8, 0xd5, 0xd2, 0xe6, 0xf4, 0xe0, 0x14,
  0x09, 0x06, 0x12, 0x1e, 0x35, 0x05, 0xfd, 0x1d, 0x3c, 0xf8, 0xe4, 0x06,
  0xef, 0xd2, 0xfd, 0x0f, 0x03, 0xf5, 0xe4, 0x21, 0xec, 0xe1, 0x0e, 0x47,
  0xe1, 0x98, 0x20, 0x8c, 0xb5, 0xc5, 0x31, 0x1e, 0x2d, 0x51, 0xef, 0xe4,
  0x02, 0x22, 0x14, 0xf9, 0x5d, 0xba, 0x35, 0x17, 0x9a, 0x1b, 0xd8, 0x1f,
  0x81, 0x0b, 0xeb, 0x0e, 0xe5, 0x04, 0x9f, 0xd3, 0x23, 0xc6, 0x13, 0x00,
  0x02, 0xfc, 0x01, 0x0a, 0x14, 0x08, 0x10, 0x1c, 0xde, 0xee, 0x05, 0x0d,
  0x05, 0x11, 0x19, 0xc9, 0x0a, 0xe4, 0x35, 0x0b, 0xc8, 0x0e, 0x18, 0xe1,
  0x01, 0x25, 0xf7, 0xb2, 0x0c, 0xb2, 0x51, 0xfa, 0x03, 0x02, 0x40, 0xe1,
  0x08, 0x34, 0xed, 0xf3, 0xe3, 0xd5, 0xcc, 0xff, 0xd0, 0x2f, 0xb5, 0xe5,
  0xd6, 0xb1, 0x10, 0x31, 0xd6, 0xff, 0x2b, 0x24, 0xdb, 0xaf, 0xe9, 0xce,
  0xf5, 0x81, 0x3a, 0xe5, 0xc5, 0xe9, 0xf1, 0x09, 0xec, 0x18, 0x06, 0x15,
  0x06, 0x39, 0xbf, 0x0a, 0x04, 0x12, 0x2a, 0xf7, 0xcf, 0xd2, 0x3b, 0x55,
  0x1b, 0x09, 0x03, 0xe6, 0x28, 0x04, 0x20, 0xfb, 0x0a, 0x27, 0x0f, 0xe2,
  0x16, 0x0b, 0x0c, 0xd8, 0xfa, 0xe4, 0x19, 0x90, 0x0a, 0xf1, 0x29, 0xc5,
  0xfc, 0xf8, 0x51, 0x22, 0x02, 0x23, 0xe4, 0xb0, 0x38, 0x13, 0xd1, 0x36,
  0xe7, 0x13, 0x12, 0x12, 0xe2, 0xf8, 0x02, 0xe7, 0x1d, 0x14, 0x0e, 0x08,
  0x05, 0xec, 0x05, 0xaa, 0x0e, 0x1b, 0x40, 0xc3, 0xe2, 0xe5, 0x16, 0x47,
  0x14, 0x2b, 0xff, 0xbe, 0xf5, 0x17, 0xac, 0x43, 0x2b, 0xfa, 0x18, 0x49,
  0xeb, 0x27, 0x11, 0xe2, 0x24, 0x27, 0xe5, 0x18, 0xfe, 0xe4, 0x0f, 0xd0,
  0x0c, 0x47, 0x50, 0xf1, 0xf8, 0xde, 0x11, 0x7f, 0x37, 0x0f, 0x04, 0xbc,
  0xeb, 0xfa, 0xf4, 0xe1, 0xd5, 0x40, 0x2a, 0x15, 0x8b, 0x4d, 0x5e, 0x32,
  0xc7, 0xd2, 0x06, 0x20, 0x16, 0x29, 0x03, 0xcf, 0xd8, 0xe8, 0x64, 0xf8,
  0xd6, 0x48, 0xd4, 0xd6, 0x34, 0x61, 0xd8, 0x16, 0xc0, 0xa5, 0xe3, 0xc8,
  0xd1, 0x5f, 0x0a, 0x10, 0x04, 0x0c, 0x34, 0x1f, 0xde, 0x18, 0xe2, 0xff,
  0xdf, 0x16, 0xe0, 0x0f, 0x20, 0x11, 0x44, 0x0c, 0x14, 0x3c, 0x10, 0x01,
  0xc0, 0x31, 0x0a, 0x13, 0xef, 0xc8, 0xf0, 0xd7, 0xca, 0x01, 0x41, 0xc2,
  0xdf, 0x39, 0x0d, 0x6e, 0x81, 0xda, 0xc2, 0x0b, 0xfa, 0x1b, 0xda, 0x1d,
  0x03, 0xfb, 0x33, 0xc6, 0xf4, 0x32, 0x01, 0x03, 0xfb, 0x14, 0x4e, 0xfe,
  0xd3, 0xf1, 0x21, 0x0b, 0xf7, 0x30, 0xca, 0x08, 0xe9, 0x12, 0x1f, 0x2d,
  0x18, 0xfb, 0x08, 0x08, 0x24, 0x1c, 0xff, 0x08, 0x0b, 0x13, 0x23, 0x06,
  0xfd, 0x25, 0x03, 0xfd, 0xe3, 0x10, 0x16, 0xfb, 0x16, 0x1d, 0x2c, 0xdd,
  0xec, 0x10, 0xbe, 0xf7, 0x04, 0x0d, 0xcd, 0x1a, 0x01, 0x10, 0xfa, 0xcf,
  0xfe, 0xfe, 0xef, 0xdf, 0xf8, 0x14, 0x1a, 0xfd, 0x1c, 0x01, 0x0a, 0xfa,
  0x19, 0xf6, 0x1f, 0xcc, 0x10, 0x0e, 0x18, 0x07, 0xfe, 0xf4, 0xff, 0x0d,
  0x02, 0x0e, 0x81, 0x0d, 0x11, 0x17, 0xec, 0xc9, 0x18, 0xd8, 0xfb, 0xce,
  0xfd, 0x19, 0x97, 0xcc, 0xfc, 0x9f, 0x05, 0xe1, 0x12, 0x3d, 0xd4, 0xc8,
  0x0d, 0xfe, 0x25, 0x0b, 0xfd, 0x10, 0x01, 0x06, 0x9c, 0x2e, 0xfa, 0x06,
  0xda, 0xe4, 0xc1, 0xdf, 0x35, 0xe8, 0xfe, 0xe8, 0x18, 0x0f, 0x37, 0xda,
  0x1a, 0x54, 0x0c, 0xf1, 0x2a, 0x3b, 0xdb, 0x19, 0xf7, 0xca, 0x44, 0xf1,
  0x10, 0x19, 0xed, 0xeb, 0x81, 0x4b, 0xd4, 0x5e, 0xe4, 0x01, 0xb9, 0xda,
  0x1b, 0xd0, 0x09, 0xdf, 0x39, 0x22, 0x49, 0xc7, 0x35, 0x31, 0x0f, 0xe5,
  0x14, 0x18, 0x3e, 0x03, 0xda, 0xf2, 0x10, 0x25, 0xdc, 0x4a, 0x21, 0x04,
  0xf8, 0xf9, 0x22, 0x44, 0xfc, 0xf6, 0xfc, 0x07, 0x0d, 0xe9, 0xbe, 0xe0,
  0x08, 0x1f, 0xdf, 0xfc, 0x27, 0x3c, 0x0f, 0x12, 0x1c, 0x14, 0xfa, 0x26,
  0xf7, 0xe0, 0x3b, 0x65, 0xe0, 0x1a, 0x1d, 0x30, 0xfb, 0x44, 0x01, 0xd8,
  0xf4, 0x40, 0xbb, 0xfe, 0x16, 0xf3, 0xf1, 0xee, 0xfa, 0x38, 0x76, 0xbd,
  0xa6, 0x4f, 0xfd, 0x25, 0x41, 0x44, 0xdb, 0x15, 0x0e, 0x23, 0xbc, 0xdd,
  0x1f, 0x1b, 0x5d, 0x3e, 0xe4, 0x1e, 0xed, 0xf1, 0x25, 0x26, 0x0a, 0x1a,
  0xec, 0x20, 0x17, 0x81, 0x03, 0x48, 0x70, 0xda, 0xd5, 0x17, 0x28, 0x59,
  0x16, 0x60, 0xf5, 0xcd, 0xe5, 0x0d, 0xc3, 0xea, 0xbc, 0xfa, 0x5b, 0x39,
  0xd1, 0x10, 0xe7, 0xd9, 0x1f, 0x2f, 0xf1, 0x48, 0x22, 0xf4, 0xdc, 0xb5,
  0xf8, 0x5f, 0x70, 0xd0, 0xd5, 0x2c, 0x33, 0x43, 0x06, 0xf9, 0xaa, 0xc1,
  0x12, 0x3a, 0xd3, 0x08, 0x05, 0x29, 0x0f, 0x12, 0xba, 0x38, 0x19, 0x25,
  0x22, 0xfc, 0xed, 0x16, 0x2e, 0xf7, 0xea, 0xf0, 0x13, 0x25, 0x04, 0x0a,
  0x01, 0x48, 0x07, 0x01, 0x1b, 0x54, 0x1b, 0xfb, 0x0f, 0x01, 0x3e, 0x15,
  0xd0, 0x1b, 0x18, 0x3c, 0xf7, 0x27, 0xd6, 0x27, 0xd2, 0xfb, 0x0c, 0xea,
  0x1b, 0x0e, 0xb1, 0xcc, 0x08, 0x1f, 0x18, 0xf7, 0x0b, 0xff, 0xf9, 0xf7,
  0x0b, 0xcc, 0xeb, 0xf1, 0x07, 0xe3, 0x1e, 0xfe, 0xf8, 0x27, 0x09, 0x16,
  0xec, 0xc7, 0xae, 0xe6, 0x09, 0x1a, 0xf8, 0xe5, 0xef, 0xf3, 0xf1, 0xb6,
  0xf6, 0x30, 0xa0, 0x03, 0x0a, 0xba, 0x16, 0xf9, 0xfe, 0x2d, 0xcb, 0x81,
  0xea, 0xde, 0x1a, 0x06, 0xb5, 0x4a, 0xf1, 0x18, 0xa7, 0x55, 0x5d, 0x44,
  0xe3, 0xf2, 0xf4, 0xff, 0x00, 0xcb, 0xba, 0xfe, 0xbf, 0xf5, 0x58, 0xdd,
  0x9e, 0x57, 0xf3, 0x17, 0xd1, 0x68, 0xc7, 0x29, 0x04, 0xd8, 0xdc, 0xd1,
  0xcc, 0x64, 0xf2, 0xf5, 0xab, 0x52, 0x19, 0x48, 0xe9, 0x56, 0xeb, 0x00,
  0x9b, 0x2b, 0xd8, 0x18, 0xee, 0xfc, 0x64, 0x07, 0xd2, 0x66, 0x20, 0xef,
  0x17, 0x2a, 0x0c, 0x28, 0xf3, 0xd9, 0xaa, 0xb3, 0xde, 0x46, 0x1a, 0xed,
  0xf8, 0x4b, 0x37, 0x67, 0xda, 0x28, 0x1e, 0xdd, 0x01, 0x0a, 0xb9, 0x16,
  0xd0, 0x23, 0x7f, 0xc1, 0xff, 0x56, 0xee, 0x14, 0x18, 0x21, 0x41, 0xfb,
  0x86, 0x08, 0x45, 0xbf, 0x3d, 0xbd, 0x2b, 0x08, 0x08, 0x10, 0xd2, 0x81,
  0x25, 0xdb, 0x09, 0xf9, 0xd9, 0x18, 0x07, 0xeb, 0x0b, 0x12, 0x32, 0xfa,
  0x23, 0xb0, 0xdf, 0x26, 0x25, 0x13, 0xfd, 0xde, 0x01, 0x2a, 0xa8, 0x18,
  0xf5, 0xb4, 0x30, 0x03, 0xd0, 0x14, 0xe6, 0xad, 0xfa, 0x19, 0xfc, 0x22,
  0xe7, 0x1a, 0x18, 0x20, 0x10, 0x0b, 0x1c, 0x12, 0x0e, 0xc3, 0x52, 0x38,
  0x29, 0x12, 0xf3, 0x0e, 0xf3, 0xee, 0xa2, 0xf9, 0x0d, 0xcb, 0x1d, 0xf6,
  0xcf, 0xfd, 0xe5, 0xce, 0x19, 0xf3, 0x23, 0x11, 0xc8, 0x21, 0x15, 0xf5,
  0xd9, 0x02, 0x1f, 0xfd, 0xcc, 0xb7, 0x1e, 0x63, 0x10, 0xf9, 0xed, 0xdb,
  0x52, 0x11, 0xa2, 0x0f, 0x22, 0x2a, 0xe9, 0xfd, 0xd7, 0x05, 0x32, 0xf7,
  0x1a, 0xe0, 0xec, 0xff, 0x24, 0xf2, 0x09, 0x8b, 0xca, 0xc6, 0xff, 0xfb,
  0xe9, 0x2d, 0xe3, 0xee, 0x1d, 0xd8, 0xc8, 0xc6, 0x0e, 0x2a, 0x16, 0x81,
  0x2e, 0x2e, 0x2a, 0xe5, 0xe0, 0xd8, 0x30, 0x02, 0x1f, 0x06, 0x22, 0xd6,
  0xf8, 0x12, 0x22, 0xa8, 0xf5, 0x39, 0x1f, 0x0b, 0xe4, 0x6e, 0xdd, 0x01,
  0x1a, 0xed, 0xe5, 0xd8, 0x1a, 0x0f, 0xf0, 0xa0, 0xf7, 0x13, 0x0c, 0xf4,
  0xb5, 0xe7, 0x00, 0x17, 0xf7, 0xde, 0x13, 0xfa, 0x3b, 0x00, 0x07, 0xc8,
  0x28, 0x59, 0x14, 0xd1, 0xfc, 0x4c, 0xe1, 0x34, 0x00, 0xf2, 0xd0, 0xc5,
  0x12, 0x4c, 0xee, 0x9a, 0x25, 0xfb, 0x17, 0x3d, 0xf4, 0x3d, 0xfb, 0x7f,
  0xe8, 0xe4, 0x19, 0xf4, 0x0a, 0xfb, 0xfb, 0xb3, 0x3e, 0x01, 0x20, 0x09,
  0x16, 0x6e, 0x17, 0x3b, 0x1d, 0x5f, 0xee, 0xfa, 0xf6, 0xdf, 0xde, 0xf3,
  0xfe, 0x02, 0x02, 0x0b, 0x37, 0x22, 0x06, 0x39, 0xe6, 0x06, 0x09, 0x1f,
  0xf9, 0xca, 0x05, 0xc3, 0xcb, 0x3e, 0x6c, 0x09, 0xbd, 0x52, 0xfe, 0xde,
  0xf8, 0x37, 0xe7, 0xd9, 0x15, 0x1c, 0x06, 0xbb, 0x0d, 0x4f, 0x1b, 0x21,
  0xbb, 0x32, 0x1d, 0x04, 0xc4, 0xcd, 0xdf, 0x1c, 0x13, 0x2f, 0xf3, 0xa2,
  0xd9, 0x1e, 0x49, 0x35, 0x14, 0xf6, 0x2c, 0x1c, 0x10, 0xd5, 0x18, 0xaf,
  0x03, 0x00, 0xea, 0xdd, 0x18, 0x0c, 0x2d, 0x17, 0x1d, 0x33, 0xb2, 0xfe,
  0x30, 0x0a, 0x09, 0x13, 0xbf, 0x3d, 0x03, 0xa3, 0xd1, 0x0c, 0x3a, 0xdb,
  0xf3, 0xed, 0x02, 0x47, 0x2f, 0x42, 0x37, 0xcb, 0x1d, 0xe2, 0xa0, 0x1d,
  0xd2, 0x1b, 0x47, 0x25, 0x44, 0x21, 0xdf, 0xe6, 0xea, 0x27, 0x04, 0xd8,
  0xf3, 0x06, 0x1d, 0x84, 0xf0, 0x2f, 0x58, 0xfe, 0xe4, 0x1d, 0x01, 0x70,
  0x15, 0x7f, 0xe6, 0xce, 0x72, 0x14, 0xa0, 0xf4, 0x10, 0x48, 0x0a, 0x13,
  0x01, 0x11, 0xf0, 0xeb, 0xf7, 0x15, 0x0f, 0x2c, 0x0c, 0xd4, 0x3c, 0xe6,
  0x04, 0x15, 0x5f, 0x11, 0xb7, 0x0c, 0xfd, 0x71, 0x07, 0x28, 0xfc, 0xbe,
  0x26, 0xd0, 0xe8, 0x25, 0xfa, 0xd7, 0x13, 0xfe, 0x16, 0xee, 0xdd, 0xc4,
  0xde, 0xe5, 0xf4, 0x05, 0x38, 0x08, 0xf1, 0x12, 0x14, 0x0d, 0x81, 0xff,
  0x1a, 0xba, 0xe5, 0x24, 0xe0, 0x18, 0xe5, 0xfb, 0xe6, 0xc7, 0x0d, 0x0c,
  0xf1, 0xef, 0x26, 0x09, 0xe8, 0x0c, 0xee, 0x00, 0xd8, 0x04, 0x0f, 0x0f,
  0x34, 0xf9, 0xf2, 0x0e, 0x01, 0x31, 0xf3, 0x04, 0x18, 0xde, 0x0b, 0x1a,
  0xdb, 0x2d, 0x88, 0xe9, 0xe1, 0xf4, 0x30, 0x15, 0x0b, 0x00, 0x11, 0x1d,
  0xe1, 0xfc, 0xd8, 0xfa, 0xd8, 0xed, 0xfb, 0x21, 0x45, 0x03, 0xf0, 0x05,
  0x12, 0x36, 0x2d, 0x0a, 0x26, 0x02, 0xd4, 0x19, 0xae, 0x12, 0x9c, 0x9d,
  0x15, 0xe3, 0x35, 0x10, 0x17, 0x0c, 0xfc, 0x1e, 0xc0, 0xe9, 0xdb, 0x21,
  0xee, 0xe4, 0x12, 0x13, 0x21, 0x19, 0x05, 0x10, 0x09, 0x13, 0x0f, 0x06,
  0x08, 0xfe, 0xf4, 0x21, 0x81, 0x16, 0xfc, 0xd7, 0xba, 0x1a, 0xf8, 0xfa,
  0x01, 0xf0, 0x23, 0x09, 0xf4, 0xb1, 0xe1, 0xf6, 0xe7, 0x9f, 0xf9, 0x24,
  0x1a, 0x08, 0xda, 0x0f, 0x13, 0x15, 0xf6, 0x12, 0x06, 0xd7, 0xb2, 0x03,
  0xa3, 0x02, 0xfd, 0xa0, 0xc6, 0xfb, 0x23, 0xf5, 0x10, 0x0a, 0xf5, 0x1e,
  0xfc, 0xdb, 0xfe, 0x18, 0xd5, 0x88, 0xff, 0x13, 0x2a, 0x21, 0xe3, 0x1d,
  0x11, 0x3c, 0xf7, 0x13, 0x04, 0xb7, 0xb7, 0x0b, 0xa6, 0x13, 0x17, 0xba,
  0xd8, 0xf4, 0x1a, 0x07, 0xfb, 0xd6, 0x39, 0x52, 0xc3, 0x28, 0x19, 0xd1,
  0x2f, 0xad, 0xd6, 0x02, 0x10, 0x08, 0x1b, 0xf6, 0xf4, 0xce, 0xda, 0x95,
  0xed, 0xfc, 0x2c, 0x9a, 0x00, 0xe0, 0x0d, 0xe2, 0x26, 0x55, 0xe6, 0xb6,
  0xf5, 0xf2, 0xdf, 0xba, 0xf7, 0x7f, 0xe0, 0xd2, 0xfa, 0xb1, 0xf6, 0xb2,
  0x1e, 0xc1, 0xfb, 0xac, 0x32, 0xce, 0x1c, 0xda, 0xaa, 0xed, 0xf8, 0xda,
  0xe5, 0xf8, 0xfb, 0xd3, 0xf0, 0x0a, 0x01, 0x20, 0xed, 0xad, 0xd3, 0xbe,
  0x10, 0x84, 0xe2, 0x56, 0x3f, 0x84, 0xf3, 0x22, 0x90, 0xe1, 0xcc, 0x35,
  0xd8, 0x25, 0xe5, 0xba, 0x16, 0x16, 0xd2, 0xd9, 0x1d, 0x38, 0xdc, 0xe2,
  0xb1, 0xaf, 0x54, 0x33, 0xf5, 0x24, 0xbd, 0xf3, 0xf8, 0x0f, 0x0c, 0x43,
  0x21, 0x07, 0xff, 0xe5, 0xfd, 0xea, 0xd1, 0x16, 0xf6, 0xc0, 0x3b, 0x09,
  0xfa, 0x17, 0x0b, 0xd6, 0xea, 0xe6, 0x0c, 0xee, 0x3b, 0x0b, 0x59, 0xd6,
  0xff, 0x24, 0x98, 0xfc, 0x05, 0x07, 0x41, 0x2b, 0x06, 0xe0, 0x08, 0xf9,
  0x3a, 0x01, 0x28, 0xff, 0x15, 0xf5, 0x39, 0x12, 0xf6, 0x31, 0x08, 0xed,
  0xfc, 0x34, 0x34, 0xee, 0x4c, 0x00, 0x47, 0x81, 0xf1, 0x4a, 0xb7, 0xdb,
  0x1d, 0x10, 0x02, 0x71, 0x04, 0x24, 0xe9, 0x03, 0x0d, 0xde, 0x16, 0xbc,
  0xd6, 0xe8, 0x33, 0xbf, 0xb1, 0x3e, 0xfb, 0xc6, 0x22, 0x01, 0xde, 0x15,
  0x2a, 0xdb, 0x30, 0x90, 0xf1, 0xb6, 0xff, 0xd2, 0x07, 0xfa, 0xef, 0xb8,
  0xf6, 0x02, 0x1e, 0xee, 0x00, 0x19, 0x19, 0x36, 0xf9, 0x14, 0xd8, 0x08,
  0x14, 0x85, 0x02, 0xc6, 0x26, 0xec, 0x07, 0x0f, 0x24, 0xfe, 0x81, 0xbc,
  0x08, 0xea, 0x1f, 0x02, 0x19, 0xf1, 0xf0, 0xb0, 0x04, 0x30, 0x04, 0x0c,
  0x13, 0x0b, 0xd9, 0x2e, 0x03, 0x1e, 0xd3, 0x18, 0x0b, 0xcc, 0x01, 0xf3,
  0x00, 0xda, 0x1f, 0x00, 0xee, 0x08, 0x07, 0xe3, 0xf1, 0xff, 0xde, 0x1e,
  0x1c, 0xde, 0xe9, 0xb3, 0xe5, 0x16, 0x16, 0xd1, 0xe6, 0x1f, 0x02, 0x2e,
  0xf8, 0x09, 0x33, 0x25, 0xf1, 0xcc, 0xf9, 0xff, 0x07, 0x27, 0xee, 0x0a,
  0xe8, 0xf3, 0xfc, 0x13, 0x14, 0xe8, 0xe7, 0xc3, 0xfc, 0xd6, 0x2a, 0x07,
  0xfa, 0xff, 0x07, 0x0a, 0x0a, 0xf9, 0x03, 0xfc, 0x0e, 0x3c, 0x8b, 0xfb,
  0x26, 0xee, 0x0e, 0xf2, 0xf3, 0x98, 0xf6, 0x10, 0x15, 0x04, 0x12, 0xe0,
  0x0b, 0xde, 0xe4, 0xc2, 0xef, 0xe3, 0x2a, 0xef, 0x27, 0x02, 0xf7, 0x06,
  0xfe, 0xe1, 0xee, 0x21, 0x05, 0x22, 0x81, 0x14, 0x2b, 0x03, 0x00, 0xe8,
  0x0e, 0xc0, 0x0c, 0x0e, 0x0a, 0x0c, 0xf8, 0xd2, 0xfa, 0xfe, 0xef, 0xdd,
  0xfb, 0xd6, 0x07, 0xc8, 0xf4, 0x0d, 0xf6, 0x0c, 0x16, 0xf8, 0xff, 0x04,
  0x09, 0x1b, 0xbc, 0x0d, 0x12, 0x03, 0x0a, 0xc3, 0xf1, 0xc8, 0x11, 0x15,
  0x04, 0x14, 0xf8, 0xc2, 0xf3, 0xf9, 0xeb, 0xe3, 0x09, 0xef, 0x1d, 0xdd,
  0x09, 0xfd, 0x08, 0x08, 0xfa, 0x14, 0x08, 0x2b, 0x15, 0x27, 0x81, 0x14,
  0x1e, 0xe9, 0x0b, 0xe7, 0xed, 0xac, 0x0d, 0x11, 0x11, 0xff, 0x21, 0xef,
  0x08, 0x07, 0xd4, 0xfb, 0x01, 0xf1, 0x0f, 0xb5, 0xed, 0x04, 0xeb, 0x14,
  0x08, 0xf3, 0x19, 0xfc, 0x0d, 0x37, 0xa1, 0x09, 0x14, 0x29, 0x11, 0xb5,
  0xf9, 0xd5, 0x25, 0x2a, 0x1d, 0xea, 0x06, 0xbb, 0xfc, 0xf4, 0x0d, 0xb2,
  0xf3, 0xf7, 0x2f, 0xb2, 0x1e, 0xf8, 0x01, 0x19, 0x20, 0x02, 0xed, 0xe2,
  0xf7, 0x0a, 0xbb, 0x22, 0xf3, 0x13, 0x12, 0xd1, 0xf4, 0x01, 0x18, 0x44,
  0x01, 0x05, 0xda, 0xd8, 0xfc, 0x02, 0xfb, 0x05, 0x05, 0xfb, 0x15, 0x22,
  0x02, 0xfd, 0xf9, 0x0f, 0x03, 0x05, 0x04, 0x19, 0xf1, 0xeb, 0x17, 0x09,
  0x02, 0x17, 0x06, 0x01, 0x08, 0x1b, 0xf1, 0xff, 0xf8, 0x0e, 0xf9, 0x0b,
  0xfa, 0xe2, 0xe0, 0xdd, 0x03, 0xed, 0xe3, 0x09, 0x07, 0xfa, 0x00, 0xf8,
  0xdb, 0xe7, 0xfa, 0xfc, 0x08, 0xd7, 0xf8, 0xfc, 0xf1, 0xe6, 0xf1, 0xf1,
  0xfe, 0x85, 0xfa, 0x8f, 0x01, 0x04, 0xf4, 0xe6, 0xf6, 0xe5, 0xe2, 0xfb,
  0xef, 0xfc, 0xfd, 0xfc, 0x03, 0xed, 0x02, 0x81, 0xf8, 0x0d, 0xfd, 0x00,
  0x04, 0xf3, 0x04, 0x0c, 0xf5, 0xf5, 0xeb, 0x07, 0xfa, 0xeb, 0x09, 0xf8,
  0xf8, 0x03, 0xdc, 0xed, 0x23, 0x65, 0xe7, 0x10, 0xb7, 0x31, 0x3b, 0x4e,
  0xd6, 0xc5, 0x10, 0xef, 0x1c, 0xf1, 0xeb, 0x4e, 0x42, 0x0b, 0x44, 0x22,
  0x4c, 0x27, 0xdc, 0xf0, 0x07, 0xeb, 0x2d, 0x2d, 0x09, 0xdd, 0x6f, 0xc2,
  0xbc, 0xe3, 0xb4, 0xda, 0xd8, 0xef, 0x39, 0x31, 0x34, 0x24, 0x24, 0x34,
  0xb5, 0x4a, 0xe7, 0x6b, 0xfa, 0x22, 0x34, 0x2e, 0x07, 0x1e, 0xf0, 0xc4,
  0xae, 0xba, 0x09, 0x1d, 0x10, 0xf3, 0x17, 0xc0, 0x11, 0x08, 0xf3, 0xf6,
  0xf6, 0xfd, 0xfc, 0x7f, 0xdd, 0xe1, 0x09, 0xd5, 0xff, 0x22, 0xbb, 0x33,
  0xd4, 0x00, 0xf4, 0x16, 0x39, 0x33, 0xf8, 0x89, 0xc8, 0xf3, 0x78, 0x4a,
  0x23, 0x0e, 0xd8, 0xf2, 0x03, 0xf7, 0xd0, 0xe4, 0xe3, 0xe7, 0x47, 0xf4,
  0x13, 0x09, 0xf1, 0x09, 0x29, 0xdb, 0x17, 0xe6, 0x43, 0x48, 0xd6, 0x0a,
  0x2f, 0x1a, 0x24, 0xd7, 0xdb, 0xa9, 0x22, 0xf3, 0x33, 0x16, 0xff, 0xb5,
  0xdf, 0x08, 0x00, 0xb6, 0xbd, 0x9d, 0x3e, 0xc5, 0x2b, 0xfe, 0x1a, 0x00,
  0xfa, 0xe4, 0xe3, 0xde, 0x11, 0x41, 0x81, 0x19, 0x0d, 0xee, 0x10, 0xae,
  0x0e, 0xbc, 0x01, 0x05, 0x02, 0x21, 0xfb, 0xd0, 0xd2, 0xda, 0x17, 0xd6,
  0xdb, 0xa5, 0x01, 0xb2, 0x3c, 0x05, 0xf6, 0x11, 0x0e, 0x0e, 0xd0, 0x12,
  0x2c, 0x41, 0xcc, 0x32, 0x1d, 0x0e, 0xfd, 0x02, 0x1c, 0x9b, 0x36, 0xf5,
  0x1f, 0x17, 0x1a, 0xe0, 0xff, 0x0b, 0x0d, 0x0e, 0xcd, 0xd5, 0xd1, 0xe7,
  0xe4, 0xa9, 0xfe, 0x25, 0x44, 0x0e, 0xc4, 0xfb, 0x16, 0x46, 0xbe, 0x05,
  0x0b, 0xc8, 0x81, 0x09, 0x83, 0x36, 0xf9, 0xc9, 0xd5, 0xce, 0x34, 0x0b,
  0xf4, 0x0d, 0x0a, 0x04, 0xf4, 0xeb, 0xe6, 0xcc, 0x01, 0xf4, 0xf2, 0xff,
  0x29, 0x08, 0xea, 0x0a, 0xff, 0x2b, 0xec, 0x0b, 0x14, 0xce, 0xf9, 0x11,
  0xee, 0x1d, 0xe1, 0x09, 0xea, 0xf2, 0x24, 0x0b, 0x12, 0x17, 0x20, 0x1e,
  0xff, 0xf9, 0xc8, 0xe2, 0x1d, 0xf4, 0x05, 0xfb, 0x32, 0x0b, 0xee, 0xfc,
  0x28, 0x2f, 0xf4, 0x12, 0x16, 0xfb, 0xf3, 0x01, 0xfa, 0x13, 0xe5, 0x03,
  0x12, 0xd7, 0x26, 0x15, 0xfd, 0xf7, 0xf3, 0xba, 0xd0, 0xcb, 0x29, 0xdb,
  0xf2, 0x00, 0xf3, 0xee, 0x19, 0x00, 0xf6, 0x1a, 0x11, 0x1f, 0x9c, 0x0d,
  0x1a, 0x09, 0x11, 0xea, 0xe8, 0xb5, 0x2a, 0x28, 0x0d, 0x0f, 0x2e, 0xd7,
  0xfd, 0x06, 0xf8, 0xff, 0xec, 0xda, 0x20, 0x81, 0x0d, 0x23, 0xd4, 0x09,
  0x1b, 0xe9, 0xf9, 0x11, 0xff, 0x24, 0xaf, 0x19, 0x17, 0x09, 0x18, 0xe2,
  0xde, 0xb2, 0x1c, 0x0f, 0x10, 0xef, 0x2b, 0xf6, 0xdd, 0xef, 0xf8, 0x02,
  0xe3, 0xca, 0x01, 0xe7, 0xeb, 0xfa, 0x0e, 0x04, 0x03, 0x0b, 0xf6, 0x1e,
  0x01, 0x0d, 0xe5, 0x22, 0x14, 0x08, 0x0b, 0xeb, 0xe2, 0xe7, 0x09, 0x2c,
  0xf3, 0x08, 0x35, 0x04, 0x15, 0x3e, 0xc5, 0xef, 0xe6, 0x33, 0x38, 0x1b,
  0x1a, 0x19, 0x2e, 0x01, 0x3b, 0xc5, 0xf0, 0x12, 0xf5, 0x05, 0x0c, 0xf9,
  0x21, 0x31, 0x04, 0xf8, 0xd9, 0x18, 0x16, 0x14, 0x24, 0xf6, 0x4b, 0xc6,
  0xfc, 0x1a, 0xc5, 0x13, 0xdd, 0x3c, 0x2d, 0x2e, 0x0b, 0xec, 0xe9, 0xcc,
  0xe7, 0x04, 0x06, 0xe0, 0xf7, 0x11, 0x30, 0x02, 0xc8, 0x47, 0xe7, 0xb5,
  0xef, 0x1a, 0xdb, 0x24, 0x34, 0xe9, 0x4f, 0x92, 0xf7, 0x0e, 0x16, 0xc4,
  0xf1, 0x07, 0x17, 0x33, 0xfa, 0xf5, 0xd2, 0xf5, 0xea, 0xf5, 0x20, 0x81,
  0xed, 0x1f, 0x0d, 0xe7, 0xc9, 0x76, 0x1f, 0xcc, 0xf4, 0xed, 0x16, 0x32,
  0x09, 0xfb, 0xfe, 0xa2, 0xe1, 0xeb, 0x1a, 0x23, 0x17, 0xcb, 0x07, 0x81,
  0xd9, 0x13, 0xda, 0x23, 0xf9, 0xe4, 0xea, 0xec, 0xe8, 0x06, 0xaf, 0xae,
  0x31, 0xfb, 0xe4, 0x2a, 0x01, 0xca, 0xe0, 0x2f, 0x22, 0xd3, 0x32, 0x12,
  0x1a, 0xe4, 0x04, 0x04, 0x09, 0xed, 0x10, 0x2d, 0x0e, 0x1e, 0xf0, 0x22,
  0xfd, 0xf2, 0xff, 0x20, 0x1b, 0x16, 0xfb, 0xda, 0x1c, 0x0b, 0xfd, 0xf3,
  0x1b, 0x2a, 0x01, 0x29, 0x02, 0x17, 0x22, 0x30, 0xf7, 0xcd, 0xe9, 0xee,
  0x06, 0xda, 0xd8, 0x1f, 0xfa, 0x04, 0xd7, 0x24, 0xd2, 0x14, 0xff, 0x2c,
  0xea, 0xe2, 0x0c, 0x04, 0x0d, 0xc8, 0x18, 0xa8, 0x0c, 0x39, 0x07, 0x13,
  0x06, 0xfd, 0xec, 0x0f, 0xe1, 0xc3, 0x85, 0x10, 0x4b, 0xf3, 0xb0, 0x45,
  0xad, 0xcb, 0xcc, 0xf9, 0x11, 0x40, 0xcb, 0x45, 0xfd, 0x22, 0x2b, 0x35,
  0x53, 0xf4, 0xd7, 0x08, 0xe6, 0xeb, 0xd3, 0x9f, 0xe0, 0x41, 0x59, 0xf1,
  0xe8, 0x3d, 0x28, 0x07, 0x24, 0xdd, 0xe0, 0xf9, 0xf2, 0xe7, 0x01, 0xf4,
  0x4a, 0x22, 0xba, 0x36, 0x42, 0x08, 0xfd, 0x1a, 0x1b, 0xfd, 0xc2, 0x10,
  0x8f, 0xe4, 0xf5, 0x9b, 0xe3, 0xef, 0x5d, 0x24, 0x08, 0xed, 0x27, 0x32,
  0xa1, 0xbb, 0x2c, 0xff, 0xd5, 0x85, 0x0b, 0xdb, 0x33, 0x09, 0x08, 0x4e,
  0x16, 0x51, 0x12, 0xf8, 0x22, 0xea, 0x01, 0xe6, 0xde, 0x23, 0x68, 0x43,
  0x81, 0x09, 0x44, 0x37, 0x00, 0xfd, 0x18, 0x2d, 0xf5, 0xf0, 0xf3, 0xdf,
  0xe9, 0xf1, 0xfc, 0x1c, 0x09, 0xfa, 0xff, 0x0e, 0x09, 0x23, 0xa6, 0x00,
  0x11, 0xbf, 0xf9, 0x07, 0xf0, 0x20, 0xf2, 0xf5, 0xf5, 0xd3, 0x12, 0x10,
  0x05, 0xf6, 0x12, 0xfd, 0xf2, 0xfb, 0x04, 0xdc, 0xe3, 0xff, 0x01, 0x05,
  0x31, 0x0b, 0x00, 0x05, 0x14, 0x1d, 0xd8, 0xff, 0x0c, 0xed, 0xf6, 0x11,
  0xf5, 0x2d, 0xb2, 0xfd, 0xfe, 0x03, 0x0a, 0xf9, 0x11, 0x27, 0x23, 0x1b,
  0x02, 0x03, 0xe4, 0xfa, 0xde, 0xe9, 0xf7, 0x0e, 0x2c, 0x06, 0xeb, 0x13,
  0x13, 0x23, 0x02, 0x08, 0x0d, 0x07, 0xe6, 0x0f, 0xbb, 0x10, 0x9a, 0x81,
  0x23, 0xf4, 0x2c, 0xfb, 0xc6, 0x24, 0x51, 0xee, 0x24, 0x10, 0x22, 0x5a,
  0x87, 0xd4, 0x07, 0x1e, 0xc8, 0xe5, 0xb0, 0x3d, 0xf9, 0x9a, 0x69, 0x0a,
  0xca, 0x46, 0x24, 0xd2, 0x0d, 0xf5, 0x6d, 0x47, 0xbc, 0xdf, 0xfc, 0x5c,
  0xcb, 0x2f, 0x48, 0xa1, 0xe7, 0x07, 0xae, 0x09, 0xf2, 0xf3, 0x0c, 0x6b,
  0xd0, 0xfb, 0xe5, 0x5b, 0x08, 0x0b, 0x62, 0x03, 0x36, 0x6b, 0x2e, 0xbf,
  0xef, 0x07, 0x44, 0x43, 0xda, 0x11, 0x5a, 0x11, 0xaf, 0xbe, 0x75, 0xcf,
  0x1b, 0x27, 0x99, 0x15, 0x0e, 0xd9, 0x04, 0xb5, 0x9b, 0xda, 0xc2, 0x04,
  0xae, 0x1c, 0x2d, 0x29, 0x6d, 0xfe, 0xc1, 0xfa, 0x05, 0xbe, 0x50, 0xff,
  0x81, 0xe4, 0x68, 0x72, 0xf8, 0x46, 0xd7, 0xec, 0xe0, 0x1e, 0x2d, 0x3b,
  0x2b, 0x04, 0x02, 0x0d, 0x24, 0xef, 0x0d, 0x06, 0x25, 0xed, 0x14, 0xf8,
  0xf5, 0x2b, 0x19, 0xdd, 0xed, 0x14, 0x0b, 0x27, 0x20, 0x18, 0x27, 0xfa,
  0xdb, 0x0b, 0x0d, 0xff, 0xd8, 0xeb, 0xe8, 0x28, 0x03, 0x00, 0xf2, 0xfb,
  0xeb, 0xf4, 0xdb, 0x00, 0xea, 0x05, 0x2d, 0xf1, 0x27, 0x12, 0x00, 0x0b,
  0x03, 0x04, 0xd3, 0xdf, 0xdf, 0xf1, 0x69, 0x1f, 0xd4, 0xaf, 0x08, 0xd9,
  0x04, 0x14, 0xb0, 0x03, 0xf0, 0xf7, 0xeb, 0xb1, 0xa0, 0xee, 0x08, 0xed,
  0xf2, 0x0f, 0xca, 0xe4, 0x20, 0xf8, 0xf9, 0xf6, 0xe7, 0x81, 0xd5, 0xd6,
  0xc7, 0xef, 0x3c, 0xd3, 0xdf, 0x0e, 0xb7, 0xea, 0xc9, 0x39, 0x45, 0x7f,
  0x29, 0x01, 0xf4, 0xe7, 0x14, 0x00, 0xf0, 0x20, 0xd8, 0x12, 0x0e, 0xf1,
  0xf6, 0x3a, 0x1e, 0xe9, 0xfb, 0x12, 0x2b, 0x34, 0x16, 0x0a, 0x12, 0x85,
  0xf3, 0x47, 0xb0, 0xef, 0xdb, 0x27, 0x01, 0x5b, 0x22, 0xeb, 0xf1, 0xe0,
  0x0e, 0x1b, 0xde, 0x06, 0x1d, 0xe7, 0x3d, 0xdb, 0x1c, 0x42, 0x14, 0xb9,
  0x17, 0x57, 0x08, 0x25, 0x58, 0xeb, 0x64, 0xc8, 0xe6, 0x31, 0xf5, 0xf6,
  0xb6, 0x4f, 0x95, 0x4a, 0x36, 0xf9, 0xee, 0xf1, 0x20, 0xe4, 0xf0, 0xff,
  0xc4, 0x02, 0x08, 0xb1, 0x24, 0xe4, 0x14, 0xe3, 0xfc, 0x2d, 0x8e, 0x91,
  0xf4, 0x09, 0x31, 0x11, 0x11, 0xe7, 0xdb, 0xbe, 0x03, 0xee, 0x24, 0xf6,
  0xfb, 0xfc, 0xfa, 0x10, 0x03, 0xf8, 0x19, 0x29, 0x1c, 0x1a, 0x8e, 0x0e,
  0x2c, 0xd2, 0x1e, 0xe8, 0xf0, 0xa6, 0x22, 0x28, 0x0f, 0x06, 0x28, 0xc4,
  0x09, 0xfb, 0xed, 0xda, 0x06, 0xe8, 0x23, 0xae, 0xf0, 0x17, 0xf9, 0x1b,
  0x0e, 0xf9, 0x08, 0x05, 0x08, 0x29, 0x81, 0x19, 0x1c, 0xe6, 0x12, 0xc4,
  0xe5, 0xc9, 0x07, 0x23, 0x21, 0x02, 0x16, 0xce, 0xf0, 0xf3, 0xfe, 0xd0,
  0x0b, 0xe0, 0x19, 0xb6, 0xfc, 0xe1, 0x09, 0xf6, 0xf3, 0xf1, 0xe2, 0xff,
  0x03, 0x14, 0x90, 0x1a, 0x13, 0xf1, 0x17, 0xdc, 0xea, 0xb2, 0x00, 0x29,
  0xf6, 0x05, 0xff, 0xc5, 0x06, 0x46, 0x32, 0xf8, 0xdb, 0x0d, 0xd7, 0xf5,
  0x2b, 0xfc, 0xec, 0xfa, 0x1f, 0x05, 0xfc, 0xdc, 0xef, 0x44, 0x35, 0xf5,
  0x1b, 0x25, 0x0d, 0x0d, 0x0d, 0xf3, 0x0d, 0xe5, 0x0f, 0x15, 0xd7, 0x0a,
  0x19, 0x0a, 0x00, 0x03, 0xec, 0x1b, 0xea, 0xc0, 0xff, 0x22, 0x0a, 0xe6,
  0xba, 0xeb, 0xf9, 0xc3, 0xf7, 0xe4, 0x0d, 0x03, 0xf3, 0xec, 0xda, 0x15,
  0x04, 0xaa, 0xd5, 0xa3, 0x2d, 0x1d, 0xcc, 0x05, 0xfe, 0x51, 0x30, 0x20,
  0xf4, 0x10, 0x9b, 0xf9, 0x22, 0xf5, 0xf3, 0xf6, 0x05, 0x21, 0x08, 0xeb,
  0xf4, 0x03, 0x74, 0xbf, 0x0e, 0x46, 0xf8, 0x3e, 0x0b, 0xff, 0xed, 0x81,
  0x40, 0xf4, 0xe8, 0x03, 0xfb, 0x1c, 0x04, 0x09, 0xef, 0xdb, 0x17, 0x07,
  0xd5, 0xf5, 0xfa, 0x1c, 0x1e, 0x2e, 0xfa, 0x13, 0x10, 0x25, 0xff, 0x08,
  0x0e, 0x09, 0x16, 0x0f, 0xe6, 0x25, 0x2c, 0x16, 0xff, 0x09, 0x17, 0x11,
  0xff, 0x08, 0x04, 0x0a, 0xdd, 0xef, 0xf9, 0x07, 0xf8, 0xe2, 0x03, 0xfd,
  0xf7, 0x05, 0xed, 0xff, 0x1d, 0x12, 0x05, 0xfa, 0x02, 0xff, 0x16, 0x0a,
  0xef, 0x0e, 0x2b, 0xfb, 0xf3, 0x0c, 0xfe, 0x06, 0xdd, 0xe1, 0xf5, 0x04,
  0xe8, 0x0e, 0x81, 0x0d, 0x34, 0xe2, 0xee, 0xc9, 0x06, 0xe5, 0xe6, 0x0a,
  0x05, 0x0c, 0x12, 0xe4, 0x08, 0xbc, 0x14, 0x10, 0xe4, 0xee, 0xee, 0x95,
  0xcd, 0xf0, 0x05, 0x0a, 0xe4, 0xfb, 0xf9, 0x12, 0xe1, 0xfd, 0x07, 0x82,
  0xfc, 0x13, 0xf5, 0xc7, 0xfa, 0x03, 0xf4, 0x4a, 0xf3, 0xff, 0xdd, 0xf3,
  0x02, 0x0e, 0xc0, 0x05, 0xe6, 0x0f, 0x26, 0x3c, 0x1f, 0xf7, 0x23, 0x95,
  0x18, 0x11, 0x12, 0xa0, 0xcf, 0xf1, 0x37, 0x9d, 0xac, 0xe1, 0xe6, 0xee,
  0x38, 0x1d, 0x01, 0x3a, 0xf5, 0x34, 0xed, 0x11, 0x18, 0x11, 0xd4, 0xc9,
  0x16, 0xf0, 0x7f, 0x62, 0x15, 0xea, 0x10, 0xf1, 0x21, 0xd1, 0x21, 0xc1,
  0xf8, 0xe4, 0x14, 0xfc, 0x12, 0xf9, 0x06, 0x33, 0x09, 0x03, 0x07, 0x35,
  0x4c, 0x18, 0x02, 0x28, 0x28, 0x12, 0x05, 0xd2, 0x2b, 0x0d, 0x4a, 0x5a,
  0x29, 0xf3, 0x0a, 0x34, 0x03, 0x20, 0x0c, 0x57, 0x09, 0xed, 0x34, 0xc8,
  0xfd, 0xf6, 0xf3, 0x51, 0x09, 0xc1, 0xf6, 0xa6, 0xd8, 0xe5, 0xdc, 0xd1,
  0x1b, 0x34, 0x0d, 0x14, 0x18, 0xe4, 0xe6, 0x42, 0xfb, 0xd7, 0x00, 0x07,
  0x14, 0xd7, 0xe8, 0xe6, 0x21, 0xef, 0x0f, 0xff, 0x38, 0xf9, 0x16, 0x52,
  0x17, 0xe2, 0x05, 0xc6, 0x0a, 0x1e, 0x99, 0xbc, 0x33, 0x0b, 0x21, 0xf7,
  0x12, 0xa9, 0xdd, 0x1a, 0x12, 0x39, 0x07, 0xfd, 0x08, 0xae, 0xbc, 0xd2,
  0x2e, 0xe5, 0x40, 0x11, 0x36, 0x36, 0xe3, 0x07, 0x14, 0xc0, 0x03, 0xff,
  0xeb, 0xcf, 0xf2, 0xdb, 0xee, 0x0d, 0xd5, 0x81, 0x16, 0x20, 0xf2, 0x1f,
  0x01, 0xf1, 0xc7, 0x8a, 0xe8, 0x36, 0x18, 0x0d, 0xc7, 0x1a, 0x06, 0x08,
  0xcd, 0xd0, 0xf5, 0xd3, 0x04, 0x2d, 0xdf, 0xd6, 0x00, 0xe1, 0x25, 0xd9,
  0xf6, 0x17, 0xd6, 0xfc, 0xe1, 0x23, 0xfa, 0xf7, 0xfc, 0xe9, 0x18, 0xe9,
  0xff, 0xfb, 0x1a, 0xf1, 0x81, 0x26, 0x1d, 0x1f, 0x1d, 0x17, 0xe7, 0x11,
  0x19, 0xf1, 0x00, 0x8f, 0xda, 0x05, 0x27, 0xfb, 0xe5, 0x24, 0x04, 0xf2,
  0x15, 0x5b, 0x08, 0x28, 0xfd, 0xeb, 0x31, 0x10, 0x05, 0x22, 0x20, 0x18,
  0x03, 0xfd, 0x0d, 0xfd, 0xcd, 0x08, 0xf7, 0xfe, 0x27, 0xcb, 0x11, 0xbe,
  0x0d, 0x11, 0xe9, 0x0f, 0xf9, 0xe0, 0x11, 0x20, 0x0f, 0x0e, 0xd0, 0xf8,
  0xef, 0xd1, 0x37, 0x03, 0x1b, 0x02, 0xed, 0xfe, 0x0b, 0x29, 0xe1, 0xf4,
  0xdb, 0xdf, 0x10, 0xec, 0x09, 0xe6, 0xfc, 0xea, 0xfa, 0x0c, 0xe5, 0x09,
  0xd2, 0xdd, 0x29, 0xff, 0xaf, 0xfe, 0xc2, 0xdd, 0xfd, 0xee, 0x12, 0x08,
  0xe5, 0xf2, 0xd9, 0xe6, 0x01, 0x04, 0x11, 0xdb, 0xfc, 0xcd, 0x00, 0x07,
  0xee, 0xe5, 0x81, 0x1c, 0x1c, 0xdf, 0xd4, 0x12, 0x0d, 0x09, 0xfa, 0x20,
  0x03, 0x18, 0x1e, 0x1c, 0xfd, 0x21, 0xe5, 0xef, 0xd6, 0x20, 0xbf, 0xcc,
  0xf8, 0xe5, 0x0b, 0x0c, 0x32, 0xe2, 0xf3, 0xd7, 0xda, 0xf0, 0xe0, 0xd5,
  0xd0, 0xe0, 0x42, 0x00, 0x18, 0x12, 0xdc, 0xc1, 0x02, 0xec, 0xd9, 0xee,
  0x1d, 0xba, 0x22, 0x11, 0x19, 0xc2, 0xe9, 0x9f, 0xe9, 0xc6, 0x16, 0xe1,
  0x0c, 0xe9, 0x0d, 0xe1, 0xf3, 0xeb, 0x18, 0xf6, 0x1b, 0x35, 0x81, 0x10,
  0x47, 0xcd, 0x27, 0xd0, 0x27, 0x88, 0xef, 0xe0, 0x2a, 0x23, 0xf4, 0x12,
  0x14, 0xe7, 0xc5, 0x94, 0xa3, 0xe6, 0x39, 0xb1, 0x11, 0x1d, 0x1e, 0x07,
  0xda, 0xc5, 0xfa, 0x03, 0x26, 0x20, 0x90, 0x04, 0x11, 0x03, 0x1d, 0xdc,
  0x03, 0xb0, 0x0b, 0x15, 0x3c, 0x2a, 0x08, 0xca, 0xf0, 0xe0, 0xf7, 0xae,
  0xd8, 0xc9, 0x19, 0xce, 0x13, 0xf3, 0x17, 0xf2, 0xdb, 0xee, 0xeb, 0xcc,
  0x2f, 0x3d, 0xc1, 0x05, 0x0a, 0x0b, 0x06, 0xc2, 0xfc, 0xa6, 0x1c, 0x09,
  0x13, 0x07, 0xbc, 0xcf, 0x1b, 0x1a, 0xfa, 0xf9, 0xfa, 0x0f, 0x00, 0x4b,
  0x01, 0xf3, 0x03, 0xf5, 0xe5, 0xe4, 0xf8, 0xf3, 0x28, 0xe9, 0x31, 0xeb,
  0x0f, 0x21, 0x0c, 0xcf, 0xfd, 0xc7, 0x23, 0x06, 0x1f, 0x12, 0x36, 0xcd,
  0x0f, 0x25, 0xbc, 0xf8, 0x06, 0x19, 0x00, 0x30, 0x03, 0x04, 0xf6, 0x02,
  0xf9, 0xe8, 0x0a, 0xfb, 0xec, 0xf2, 0x10, 0xec, 0x0c, 0x2e, 0x06, 0xee,
  0xf9, 0xfc, 0x03, 0x23, 0x25, 0xfa, 0x18, 0x88, 0xf2, 0x26, 0xfa, 0xe5,
  0x0b, 0x00, 0x0d, 0x69, 0x0b, 0x23, 0xee, 0x1b, 0x0d, 0xe0, 0x06, 0x06,
  0x0f, 0xd7, 0x09, 0xe8, 0xec, 0x44, 0x12, 0xf1, 0x0b, 0x20, 0xf5, 0x10,
  0xff, 0xf6, 0x18, 0x81, 0xd7, 0x43, 0xee, 0xd0, 0xc7, 0x59, 0x6b, 0x3d,
  0xca, 0x04, 0x07, 0x08, 0xe0, 0xdd, 0xb8, 0xe5, 0x20, 0xf9, 0x35, 0xfb,
  0xfe, 0x42, 0x02, 0xf2, 0x11, 0x4b, 0x09, 0x52, 0xcd, 0xf8, 0x31, 0xe6,
  0xd6, 0x63, 0xef, 0x09, 0xfe, 0x75, 0x01, 0x2f, 0xf4, 0x08, 0xe1, 0xf4,
  0xe5, 0x26, 0xd7, 0x11, 0xff, 0x08, 0x48, 0xf3, 0x03, 0x55, 0x46, 0xd9,
  0xe7, 0x0e, 0x5d, 0x3a, 0xf1, 0xfb, 0x36, 0xd2, 0x81, 0xe7, 0xfb, 0xf2,
  0x07, 0xf5, 0xb6, 0x47, 0x07, 0x07, 0x0b, 0xf1, 0x9d, 0xfc, 0xad, 0xd6,
  0xe8, 0x10, 0x13, 0xd4, 0xe2, 0x15, 0x1c, 0xe3, 0x10, 0xde, 0xd9, 0xf2,
  0x83, 0xdc, 0x3e, 0x2b, 0xd3, 0x4d, 0xea, 0x10, 0xc5, 0x02, 0x51, 0x20,
  0xc7, 0xcc, 0xeb, 0xde, 0xf4, 0xc6, 0xb5, 0xdf, 0xf7, 0x19, 0x28, 0x02,
  0xf2, 0x53, 0x64, 0xc2, 0xa4, 0x1b, 0xe9, 0x35, 0xd1, 0x20, 0x0b, 0xf8,
  0xc6, 0x33, 0xc3, 0xe7, 0xd0, 0x4c, 0x22, 0x66, 0x26, 0xef, 0x3c, 0xf3,
  0x0d, 0x1d, 0x1b, 0x38, 0xf8, 0x02, 0x7f, 0xdd, 0xff, 0x2e, 0x41, 0x9a,
  0x08, 0xe5, 0x40, 0x0e, 0xea, 0xe7, 0x58, 0xc2, 0xfd, 0x62, 0xe7, 0xf0,
  0x04, 0x71, 0xde, 0x7e, 0x10, 0xfa, 0x00, 0xc2, 0x0c, 0xf2, 0xfc, 0x11,
  0xd3, 0xe1, 0x17, 0xb9, 0xe7, 0x2c, 0xd1, 0xb3, 0xf7, 0x1b, 0x1b, 0x41,
  0xdd, 0xee, 0x3a, 0xe1, 0xee, 0xbe, 0xe2, 0xc3, 0x03, 0x03, 0x30, 0xd3,
  0x09, 0x06, 0x0b, 0x1b, 0xee, 0xeb, 0xf7, 0x08, 0x13, 0x0f, 0x81, 0xd8,
  0x22, 0xb4, 0xd9, 0xee, 0x1a, 0xcb, 0x18, 0x14, 0x18, 0x07, 0xb7, 0xde,
  0x05, 0xc4, 0xf5, 0xd9, 0x07, 0xe9, 0x2e, 0xd9, 0x0d, 0x07, 0x19, 0x12,
  0x09, 0xee, 0x13, 0x10, 0x22, 0xf0, 0xa2, 0xec, 0x1e, 0xb5, 0x09, 0xe6,
  0xfb, 0xcb, 0x05, 0x0b, 0x36, 0x00, 0xeb, 0xdb, 0xf1, 0xc6, 0xdc, 0xda,
  0xec, 0xfb, 0x08, 0xc6, 0xfd, 0x16, 0xfb, 0x03, 0xdf, 0xda, 0x02, 0x22,
  0x17, 0x15, 0xa7, 0xf5, 0xfc, 0xb2, 0xf5, 0xf1, 0x12, 0xde, 0xfd, 0x07,
  0x04, 0x16, 0xdc, 0xe3, 0x18, 0xfe, 0x09, 0xc9, 0x1a, 0xf5, 0xfa, 0x35,
  0xf2, 0x1a, 0xfe, 0x0b, 0x9b, 0x05, 0x17, 0x2e, 0xe1, 0xf4, 0x11, 0x16,
  0xc3, 0xc8, 0x02, 0xd2, 0x29, 0xd6, 0x1f, 0xfb, 0xe4, 0xca, 0x03, 0xc8,
  0x07, 0xdd, 0xfb, 0xf2, 0x03, 0x04, 0xf1, 0x14, 0x01, 0x09, 0x1f, 0x00,
  0xfe, 0xfa, 0x1f, 0x1d, 0xe8, 0xf3, 0xc1, 0xf7, 0xca, 0xca, 0xef, 0xde,
  0xe5, 0xe1, 0x14, 0x04, 0xfa, 0xbf, 0x00, 0x32, 0x17, 0xd9, 0x02, 0x0f,
  0x27, 0x1b, 0xdb, 0x05, 0xfa, 0xfc, 0x2a, 0x08, 0xfe, 0xe4, 0x20, 0x13,
  0x0b, 0x27, 0x81, 0xf5, 0xf7, 0xe1, 0xd2, 0xfc, 0x0b, 0x17, 0x15, 0x39,
  0xff, 0xdf, 0x06, 0x00, 0xff, 0x18, 0xe8, 0x09, 0xe8, 0x19, 0x0c, 0x1e,
  0xcc, 0xef, 0xed, 0xff, 0x13, 0x0e, 0x04, 0x0f, 0xf8, 0x12, 0x0f, 0x08,
  0xf4, 0x11, 0xda, 0x00, 0xf3, 0x04, 0x0d, 0x02, 0x0b, 0x02, 0xf6, 0xe7,
  0xf9, 0x08, 0xef, 0x01, 0xf9, 0x1f, 0x0f, 0x1a, 0xfd, 0xfa, 0x04, 0xfd,
  0x0d, 0xff, 0xdc, 0xf5, 0xe4, 0xff, 0x22, 0xf2, 0xf2, 0x21, 0x15, 0xe7,
  0xfa, 0x11, 0xee, 0x16, 0x19, 0x00, 0x0f, 0xfe, 0xf3, 0xe9, 0x21, 0xe5,
  0xe6, 0x09, 0xda, 0x17, 0x0c, 0x0c, 0xf2, 0xf8, 0xeb, 0xf7, 0xec, 0xea,
  0xf4, 0x17, 0x1d, 0xff, 0xf4, 0xf4, 0x04, 0x11, 0x08, 0xfe, 0x81, 0xe4,
  0xe2, 0xfe, 0x20, 0x00, 0xf2, 0xd8, 0x33, 0xd0, 0xfe, 0xe9, 0x5c, 0xd1,
  0x20, 0xf9, 0x14, 0x22, 0xe4, 0xdf, 0x0e, 0xb3, 0x0e, 0x2f, 0x30, 0xce,
  0x38, 0x09, 0x33, 0xa0, 0xf5, 0xe5, 0xd3, 0x02, 0x22, 0x0d, 0xd3, 0xe3,
  0xef, 0xfb, 0xef, 0xde, 0x11, 0x07, 0x46, 0xdb, 0x17, 0x0f, 0x0f, 0x05,
  0xa4, 0xb3, 0x0a, 0xd0, 0xe4, 0x0d, 0xfe, 0xdf, 0x1b, 0x1a, 0x08, 0x3b,
  0x02, 0x81, 0xf8, 0xdd, 0x2f, 0x31, 0xbc, 0xdd, 0x0d, 0xe9, 0xcb, 0x1d,
  0xdb, 0x1c, 0x3c, 0xda, 0xff, 0x02, 0x27, 0xf1, 0xf1, 0xe2, 0x07, 0xec,
  0x1b, 0xda, 0x42, 0xf1, 0x29, 0x1f, 0x13, 0x0b, 0x08, 0xf1, 0xea, 0xd9,
  0x14, 0x13, 0x8f, 0x12, 0xf7, 0xf2, 0xf1, 0xce, 0xdd, 0x0d, 0x0b, 0xb2,
  0x3c, 0x26, 0x0b, 0x14, 0xed, 0xfa, 0x02, 0xdd, 0x20, 0x14, 0xce, 0xe7,
  0x37, 0x12, 0xf9, 0xcd, 0xe3, 0x99, 0x04, 0x0e, 0x2a, 0x35, 0xe8, 0xc9,
  0x14, 0x08, 0x01, 0xa0, 0xba, 0xcb, 0x23, 0xad, 0x2d, 0xfd, 0xe9, 0x10,
  0xf1, 0xcb, 0xf4, 0x28, 0x16, 0x52, 0xc9, 0x18, 0x1c, 0x21, 0x3e, 0xf2,
  0xff, 0xa9, 0x12, 0xf2, 0x45, 0x17, 0xd3, 0xc6, 0xfc, 0xe9, 0xf5, 0x81,
  0xe9, 0xd3, 0xe4, 0xa6, 0x08, 0xd7, 0x12, 0x09, 0xf2, 0xdf, 0xfc, 0xdd,
  0x32, 0x32, 0xbb, 0x07, 0x07, 0x14, 0x39, 0xf2, 0x10, 0xcc, 0x19, 0xed,
  0x13, 0x21, 0x9d, 0xde, 0x10, 0xfb, 0x1e, 0x2d, 0xd2, 0x1a, 0x06, 0x0a,
  0x04, 0xf1, 0xf6, 0x0b, 0x03, 0xff, 0xe9, 0x21, 0x04, 0x14, 0xfc, 0x13,
  0xef, 0xfb, 0xf1, 0x2e, 0xe4, 0x3f, 0xbe, 0xcb, 0x03, 0xec, 0x39, 0x11,
  0xf5, 0x15, 0x11, 0x04, 0x81, 0x27, 0x17, 0xe9, 0x09, 0xe8, 0x0b, 0xfb,
  0x1d, 0xfa, 0x05, 0xf0, 0xed, 0x0e, 0x14, 0x25, 0xf1, 0x34, 0xe0, 0xf1,
  0xee, 0x41, 0x09, 0xf1, 0xf5, 0xd1, 0x4f, 0xec, 0xf2, 0x28, 0x13, 0x35,
  0xd9, 0x3e, 0xfc, 0xfd, 0x09, 0x1f, 0xf5, 0x05, 0x36, 0xea, 0xfd, 0xdd,
  0xdf, 0xfb, 0xfb, 0xdc, 0x06, 0xfa, 0xc4, 0x0a, 0x31, 0x1e, 0xcb, 0x08,
  0x05, 0xee, 0x0b, 0x1c, 0x0f, 0x2a, 0xc4, 0x2f, 0xf8, 0xe0, 0x2d, 0xe1,
  0x22, 0x04, 0x0f, 0x19, 0x5c, 0x02, 0xcd, 0x09, 0x01, 0x2a, 0xfc, 0x00,
  0x30, 0x2a, 0x0e, 0xf3, 0x1b, 0xd5, 0xb1, 0x1f, 0x2b, 0xdf, 0x6d, 0x18,
  0xfe, 0x35, 0xd8, 0xff, 0xd2, 0x35, 0x15, 0xde, 0x07, 0x07, 0xcf, 0x05,
  0x02, 0xdd, 0xdc, 0x04, 0x21, 0x0c, 0xb6, 0xc8, 0x1a, 0x3e, 0xed, 0xe0,
  0xc5, 0x0e, 0xf1, 0x1c, 0x0b, 0xcb, 0x45, 0x14, 0xef, 0x2b, 0x27, 0xe1,
  0x03, 0xf1, 0x28, 0xd5, 0xf2, 0xfa, 0xdf, 0x0b, 0x32, 0xed, 0x06, 0xeb,
  0xef, 0x1c, 0x81, 0xf7, 0xf5, 0x4b, 0x0e, 0xd6, 0xf9, 0x14, 0x2c, 0x41,
  0x02, 0xe6, 0x26, 0xff, 0xf7, 0x04, 0x1e, 0x0b, 0x04, 0xeb, 0x08, 0x39,
  0x01, 0xea, 0x0c, 0x00, 0x0f, 0x27, 0xf2, 0x0d, 0x09, 0x1e, 0x2f, 0x18,
  0xf8, 0xf9, 0x05, 0xfe, 0xd3, 0xfd, 0x25, 0xf2, 0x05, 0x16, 0x0b, 0x0e,
  0xfc, 0x02, 0x22, 0xfe, 0xc4, 0xf2, 0xc6, 0x10, 0xdd, 0xc7, 0x06, 0xf9,
  0x1e, 0x10, 0xfc, 0x19, 0x23, 0xff, 0xfc, 0x17, 0x11, 0xee, 0xf9, 0xe3,
  0xca, 0xf6, 0x1c, 0xd2, 0xd1, 0x09, 0x17, 0x07, 0x00, 0xe9, 0x0f, 0x06,
  0xbc, 0xc7, 0x9a, 0x0a, 0xcb, 0xbe, 0x05, 0x04, 0x1c, 0xfe, 0xe6, 0x11,
  0x12, 0x25, 0x0b, 0x00, 0x15, 0xbd, 0xdf, 0x07, 0x9f, 0xfe, 0x07, 0x81,
  0xc8, 0xf7, 0x29, 0x02, 0x36, 0xf4, 0xff, 0xff, 0x04, 0x00, 0x00, 0x00,
  0x00, 0x01, 0x00, 0x00, 0xdd, 0x00, 0x00, 0x00, 0x2f, 0xff, 0xff, 0xff,
  0xce, 0x00, 0x00, 0x00, 0x65, 0x02, 0x00, 0x00, 0x58, 0xf9, 0xff, 0xff,
  0x51, 0xfa, 0xff, 0xff, 0xf6, 0xfe, 0xff, 0xff, 0x8e, 0xfb, 0xff, 0xff,
  0x03, 0xff, 0xff, 0xff, 0x83, 0xfd, 0xff, 0xff, 0xa0, 0x06, 0x00, 0x00,
  0xcb, 0xfb, 0xff, 0xff, 0x27, 0xfd, 0xff, 0xff, 0x2c, 0xfe, 0xff, 0xff,
  0x9d, 0xfc, 0xff, 0xff, 0x8a, 0x02, 0x00, 0x00, 0xa6, 0xf6, 0xff, 0xff,
  0xa7, 0xfe, 0xff, 0xff, 0xad, 0xfd, 0xff, 0xff, 0x2c, 0x01, 0x00, 0x00,
  0x44, 0xff, 0xff, 0xff, 0xee, 0xf2, 0xff, 0xff, 0x94, 0x03, 0x00, 0x00,
  0xaa, 0x04, 0x00, 0x00, 0x7f, 0xfe, 0xff, 0xff, 0x10, 0x04, 0x00, 0x00,
  0xab, 0x00, 0x00, 0x00, 0x61, 0x00, 0x00, 0x00, 0xf1, 0xff, 0xff, 0xff,
  0xf1, 0xf8, 0xff, 0xff, 0x07, 0xff, 0xff, 0xff, 0x66, 0xff, 0xff, 0xff,
  0x34, 0x00, 0x00, 0x00, 0x49, 0xff, 0xff, 0xff, 0x07, 0xfd, 0xff, 0xff,
  0x8a, 0xff, 0xff, 0xff, 0x81, 0x00, 0x00, 0x00, 0x70, 0xfe, 0xff, 0xff,
  0xf1, 0xf9, 0xff, 0xff, 0x31, 0xfc, 0xff, 0xff, 0x04, 0x00, 0x00, 0x00,
  0x6e, 0x00, 0x00, 0x00, 0xbb, 0xf6, 0xff, 0xff, 0x7f, 0xfa, 0xff, 0xff,
  0xaf, 0xfa, 0xff, 0xff, 0x81, 0xff, 0xff, 0xff, 0x34, 0x04, 0x00, 0x00,
  0x02, 0xff, 0xff, 0xff, 0xcd, 0xff, 0xff, 0xff, 0x25, 0x01, 0x00, 0x00,
  0x6f, 0x01, 0x00, 0x00, 0x28, 0xff, 0xff, 0xff, 0x3e, 0x04, 0x00, 0x00,
  0xd2, 0xfa, 0xff, 0xff, 0x26, 0xf9, 0xff, 0xff, 0x1f, 0xfb, 0xff, 0xff,
  0xf0, 0x03, 0x00, 0x00, 0x29, 0xfe, 0xff, 0xff, 0x6d, 0xfd, 0xff, 0xff,
  0xd5, 0x06, 0x00, 0x00, 0x76, 0x04, 0x00, 0x00, 0xcf, 0xff, 0xff, 0xff,
  0x6f, 0xfe, 0xff, 0xff, 0xbd, 0xff, 0xff, 0xff, 0x42, 0xf5, 0xff, 0xff,
  0x04, 0x00, 0x00, 0x00, 0x00, 0x08, 0x00, 0x00, 0x00, 0xe3, 0xc2, 0x03,
  0x0a, 0x16, 0x0a, 0xff, 0xd6, 0xe9, 0x1b, 0xd3, 0x47, 0xf9, 0xf2, 0x02,
  0x31, 0x2a, 0x05, 0x20, 0x1b, 0x18, 0x2a, 0x20, 0x0f, 0x1e, 0xf5, 0xde,
  0xe9, 0xf2, 0x17, 0xbd, 0xad, 0x81, 0x0b, 0x0a, 0xe8, 0xc7, 0x15, 0xc3,
  0xf8, 0xf5, 0xdc, 0x04, 0x16, 0xda, 0x14, 0x0d, 0xea, 0xd1, 0x3c, 0xfa,
  0x22, 0xda, 0x1b, 0xfe, 0x32, 0xf7, 0x30, 0x2c, 0x2d, 0x21, 0xe8, 0xd3,
  0xfd, 0x25, 0xe0, 0x0b, 0xee, 0xf6, 0x46, 0x0d, 0x5c, 0xe1, 0x3e, 0x17,
  0xe1, 0xef, 0x25, 0xc6, 0x22, 0x5b, 0xf6, 0xf9, 0xfe, 0x0b, 0x7d, 0xe9,
  0x8f, 0xa9, 0x07, 0x9e, 0xe3, 0x24, 0x03, 0xea, 0x53, 0x5d, 0xa4, 0x31,
  0xcb, 0xe4, 0xd2, 0xf5, 0x0c, 0xae, 0xec, 0xf9, 0x3b, 0xe6, 0xc4, 0x21,
  0xbf, 0xf0, 0x03, 0xe9, 0xe7, 0x9a, 0x18, 0xd9, 0xca, 0xd0, 0xbf, 0xc8,
  0xb5, 0x7f, 0x1a, 0xe6, 0x0f, 0x2c, 0x22, 0xe4, 0x07, 0x0c, 0xe7, 0xfe,
  0x45, 0x12, 0xdd, 0xc9, 0x55, 0x1a, 0xf6, 0x0b, 0xfc, 0x03, 0xf7, 0xdd,
  0xfb, 0xf0, 0x14, 0xe0, 0x00, 0x1d, 0x15, 0x1c, 0x09, 0x00, 0x14, 0xa1,
  0xbc, 0x6b, 0x04, 0xaf, 0xef, 0xce, 0xba, 0x20, 0x05, 0xf3, 0x03, 0xf7,
  0xdb, 0xb4, 0xdb, 0x2c, 0x02, 0x12, 0xe2, 0x02, 0xc8, 0x10, 0xf7, 0x14,
  0xf8, 0x21, 0x81, 0xf4, 0xb6, 0x0e, 0xeb, 0x37, 0x01, 0xc7, 0xde, 0x09,
  0xf9, 0xe3, 0xb0, 0x8a, 0x45, 0x09, 0x1d, 0xf9, 0xe4, 0xab, 0x88, 0xb6,
  0xde, 0xf7, 0x16, 0xcf, 0xe6, 0xef, 0x69, 0x61, 0x14, 0xcd, 0x19, 0xc4,
  0xf8, 0xaf, 0x06, 0xc9, 0xaa, 0xf2, 0x72, 0x88, 0x17, 0xf5, 0xd4, 0x07,
  0xce, 0xb6, 0xeb, 0x0f, 0xf9, 0xf0, 0xa4, 0xe0, 0x7f, 0xd9, 0xf4, 0xcf,
  0x14, 0x2a, 0x22, 0xe3, 0x2e, 0xe6, 0xd5, 0xbf, 0xa0, 0x48, 0xf4, 0xe3,
  0xff, 0xdb, 0x1e, 0x35, 0xde, 0xe4, 0xe9, 0xfb, 0xe0, 0x13, 0x13, 0x55,
  0x81, 0x00, 0x12, 0x0b, 0xca, 0x28, 0xf2, 0xdb, 0xe2, 0xbd, 0xf2, 0xfc,
  0xd4, 0x00, 0x09, 0xe8, 0x03, 0x03, 0xf6, 0x45, 0x1f, 0x60, 0x19, 0x10,
  0x11, 0x43, 0x1a, 0x03, 0x11, 0x0d, 0xc4, 0x00, 0x1e, 0x2e, 0x04, 0xdd,
  0x08, 0x22, 0xc8, 0x0a, 0x2e, 0xe4, 0xbe, 0xe0, 0x2a, 0xed, 0x14, 0x03,
  0x49, 0xf4, 0x3a, 0xeb, 0x33, 0xd2, 0xf1, 0x14, 0x01, 0x0e, 0xc1, 0xcc,
  0xd6, 0x21, 0x30, 0xff, 0xf5, 0xf6, 0x10, 0x0d, 0x04, 0x9a, 0xc9, 0x27,
  0xa9, 0xea, 0xff, 0x16, 0xfb, 0xef, 0xdd, 0xed, 0xec, 0xf1, 0x26, 0x71,
  0x47, 0xf7, 0x36, 0x46, 0xdc, 0x54, 0xd9, 0x19, 0x0b, 0xa8, 0x24, 0xf3,
  0xbd, 0x7f, 0x16, 0xc9, 0xda, 0x2e, 0xaf, 0x1c, 0x27, 0xfa, 0xd8, 0x0e,
  0x25, 0x07, 0x16, 0x1c, 0x47, 0xda, 0xdd, 0xeb, 0xfc, 0xdd, 0xe6, 0xd0,
  0x1a, 0x21, 0x11, 0x26, 0xe2, 0x13, 0xfa, 0x2a, 0xed, 0xbe, 0x0c, 0x0b,
  0x4c, 0x38, 0x0e, 0x23, 0x2f, 0x1a, 0xe3, 0xf9, 0x1b, 0x04, 0x00, 0xa2,
  0x0c, 0x00, 0xe9, 0xe8, 0xef, 0x97, 0x02, 0x35, 0xf3, 0xfc, 0x3a, 0xcf,
  0xaf, 0xe9, 0x33, 0x62, 0x5f, 0xed, 0x08, 0x11, 0xee, 0x83, 0x3b, 0xee,
  0xf1, 0xdc, 0x3e, 0x1a, 0xf0, 0x26, 0x7f, 0x13, 0xdf, 0x47, 0xfd, 0xc6,
  0x09, 0x04, 0xf2, 0x31, 0xc4, 0xfe, 0xbe, 0xed, 0xca, 0x33, 0x19, 0x0a,
  0xc8, 0x09, 0x33, 0xbf, 0xc9, 0xc7, 0xdb, 0xdb, 0xac, 0x9c, 0x18, 0xec,
  0xe5, 0x0c, 0xed, 0xc3, 0xf1, 0xe9, 0x22, 0x78, 0x7f, 0x54, 0x37, 0x5b,
  0xc5, 0x70, 0x25, 0x09, 0x08, 0xba, 0x15, 0xe5, 0xa8, 0x77, 0xfe, 0xee,
  0x15, 0x55, 0xa7, 0xf5, 0x33, 0x1f, 0x82, 0x93, 0x45, 0x28, 0x15, 0x52,
  0x35, 0xc6, 0xfe, 0xff, 0x30, 0x0b, 0xfc, 0x5b, 0xcd, 0xf4, 0xa4, 0xf6,
  0xfa, 0x39, 0xe9, 0x44, 0x0d, 0x2a, 0xca, 0x36, 0x4b, 0x35, 0x27, 0xf1,
  0x1d, 0x43, 0x09, 0xef, 0x44, 0xbe, 0x21, 0xff, 0xee, 0xc6, 0xad, 0x06,
  0xd3, 0x02, 0xd9, 0xf6, 0x5a, 0xd2, 0x07, 0x35, 0xd2, 0xc0, 0xc8, 0x10,
  0xd0, 0x29, 0x81, 0x1c, 0x05, 0x3b, 0xcd, 0xe3, 0xcb, 0xea, 0xba, 0xd3,
  0x14, 0xec, 0xd3, 0xb3, 0x5a, 0xab, 0xdd, 0xbb, 0xbe, 0x06, 0xf3, 0x13,
  0xe6, 0x50, 0xdd, 0x2b, 0x4d, 0xf0, 0xae, 0xe6, 0x2b, 0xfd, 0x32, 0x2d,
  0xf6, 0x12, 0xed, 0xe1, 0xc4, 0x23, 0xf9, 0xd9, 0x37, 0xdf, 0xa7, 0x0e,
  0x0b, 0x10, 0x0a, 0x00, 0x21, 0xf4, 0x26, 0xaa, 0xd5, 0x27, 0xf6, 0x16,
  0xe6, 0xa8, 0xe7, 0x0a, 0xcb, 0x13, 0x4c, 0x33, 0xdd, 0xef, 0x18, 0x7f,
  0xdb, 0x07, 0xb9, 0xc3, 0xf3, 0xb6, 0x05, 0xa3, 0xfc, 0xf1, 0x19, 0xca,
  0xe5, 0xf3, 0xdb, 0xea, 0x09, 0xfb, 0xfb, 0xeb, 0x05, 0xf8, 0x17, 0xa4,
  0x7f, 0xf9, 0x09, 0x25, 0x15, 0x9d, 0xfc, 0x34, 0x19, 0x15, 0x21, 0x27,
  0xff, 0x0d, 0xf3, 0x0e, 0xff, 0xb9, 0x09, 0xd0, 0xd4, 0xc2, 0xfc, 0xe6,
  0xbf, 0xf1, 0xc6, 0x0f, 0x0a, 0xf9, 0x27, 0xc2, 0x8f, 0xdc, 0x3e, 0xfc,
  0xf8, 0x15, 0x48, 0xf6, 0x02, 0xa3, 0xfc, 0xee, 0x2d, 0xeb, 0xfa, 0x21,
  0x09, 0x1a, 0xc1, 0xfc, 0x06, 0xd9, 0x0b, 0x01, 0x10, 0xed, 0x48, 0xf2,
  0xde, 0xf1, 0x05, 0x95, 0xfd, 0xff, 0xef, 0x09, 0xf7, 0xff, 0x00, 0x00,
  0xf9, 0x1d, 0x15, 0x1c, 0x04, 0x27, 0x38, 0x06, 0x00, 0x12, 0x1b, 0x10,
  0xc7, 0x81, 0xf7, 0xef, 0xfb, 0xcb, 0x19, 0xd5, 0xf8, 0x24, 0xdb, 0xe6,
  0x11, 0x04, 0x0a, 0xdf, 0xbb, 0xec, 0x2c, 0x17, 0xf8, 0xfd, 0xe0, 0x07,
  0xef, 0xf6, 0x23, 0xec, 0xba, 0x28, 0x09, 0xe4, 0x0c, 0x02, 0xbd, 0xad,
  0xb8, 0x4d, 0xfc, 0xef, 0x40, 0x4d, 0xd1, 0xf4, 0x3b, 0xdf, 0xd5, 0x09,
  0xc6, 0xda, 0x14, 0xfa, 0xcc, 0xeb, 0x9e, 0x0a, 0xbb, 0xc5, 0xef, 0x7f,
  0xd6, 0x2a, 0x98, 0xf7, 0x16, 0x19, 0x3f, 0xe2, 0xdc, 0xa4, 0xcb, 0xd4,
  0xed, 0xe7, 0x1a, 0xfd, 0x45, 0xe2, 0x5d, 0x5e, 0xbb, 0xd7, 0x3d, 0xbb,
  0xad, 0x07, 0x08, 0x0a, 0xd2, 0xdb, 0xa3, 0xf0, 0x82, 0xab, 0xed, 0xdc,
  0xe1, 0x1e, 0xba, 0x0c, 0xe2, 0xe8, 0xf8, 0xba, 0xec, 0x39, 0x17, 0x4d,
  0x59, 0xee, 0x03, 0x32, 0xda, 0xbe, 0x72, 0xf3, 0xad, 0x25, 0xee, 0xdd,
  0xf9, 0x5c, 0xe6, 0x03, 0xf3, 0xe0, 0xf9, 0xa7, 0xdf, 0xf1, 0xeb, 0x09,
  0x9a, 0xcb, 0xec, 0x12, 0x42, 0x07, 0x0b, 0xcd, 0xa0, 0xb6, 0xb5, 0xe5,
  0x34, 0x55, 0xee, 0xc8, 0xb0, 0xfc, 0xa4, 0xc7, 0x27, 0xcc, 0x81, 0x1f,
  0xcc, 0xdb, 0xff, 0x15, 0xff, 0xec, 0xd1, 0xca, 0x71, 0x56, 0x81, 0xb3,
  0x5c, 0x07, 0x0e, 0x06, 0x4f, 0x16, 0xf5, 0x2d, 0x3b, 0xe3, 0xe6, 0x0b,
  0xe1, 0x10, 0x12, 0xd9, 0x0e, 0x33, 0xad, 0xee, 0x01, 0xdd, 0x05, 0xa9,
  0x9a, 0x16, 0x08, 0xfb, 0xd9, 0x13, 0xc0, 0x24, 0xef, 0x94, 0xfb, 0x26,
  0x97, 0xb7, 0x24, 0x45, 0xe4, 0xed, 0xb7, 0xef, 0xd6, 0xf3, 0xed, 0xfb,
  0xf5, 0xe4, 0x81, 0x1a, 0xe7, 0xce, 0xd2, 0x2b, 0xf8, 0xd4, 0x7e, 0xe6,
  0xda, 0x03, 0x3a, 0x16, 0x63, 0x4c, 0xce, 0x6c, 0x2e, 0xe1, 0x06, 0x92,
  0xe0, 0xff, 0xfe, 0xc0, 0x59, 0xc6, 0xca, 0xcc, 0xc0, 0xcc, 0x69, 0x0a,
  0xd2, 0x3c, 0x13, 0x97, 0x22, 0x32, 0x00, 0xc8, 0x5f, 0xde, 0x44, 0xf6,
  0x5e, 0x29, 0x03, 0xed, 0x63, 0xae, 0x81, 0x0a, 0x33, 0xd3, 0x24, 0xdf,
  0xce, 0x09, 0x5a, 0x2e, 0x35, 0x3d, 0x9b, 0xc3, 0xbb, 0x3b, 0x0d, 0x46,
  0xe9, 0x2c, 0x1e, 0xf6, 0x0e, 0xfe, 0x3f, 0x0c, 0xe6, 0xc5, 0x14, 0xc7,
  0x38, 0x3e, 0x12, 0x1b, 0xfd, 0xd1, 0x01, 0xf3, 0xef, 0x25, 0xf0, 0x2d,
  0xe9, 0xfe, 0x41, 0x34, 0xf5, 0xf9, 0xfd, 0xe7, 0xcd, 0x81, 0xe1, 0xbe,
  0x1f, 0x9b, 0x28, 0xf8, 0xe9, 0x5f, 0xb1, 0xe8, 0x31, 0x11, 0x04, 0xe5,
  0xc8, 0xde, 0x49, 0xf7, 0xc9, 0x23, 0xec, 0x02, 0x0c, 0x19, 0x3a, 0x03,
  0xa0, 0x48, 0xfc, 0xf4, 0x2d, 0x20, 0x3b, 0xfc, 0xeb, 0xbf, 0x1e, 0x18,
  0x0d, 0xfe, 0xeb, 0x5c, 0x39, 0xdb, 0x12, 0xc6, 0xe1, 0x41, 0x24, 0xcf,
  0x0c, 0x07, 0x05, 0xcc, 0xf5, 0xd0, 0x69, 0x19, 0x0c, 0x19, 0xf6, 0x81,
  0x0c, 0x25, 0x0b, 0xae, 0x2e, 0x01, 0x37, 0x08, 0x1f, 0x3e, 0x29, 0x17,
  0x26, 0xd5, 0xa2, 0x38, 0x4d, 0x11, 0xe6, 0xeb, 0xe6, 0x1c, 0x3a, 0x42,
  0x05, 0xf8, 0xb6, 0xa1, 0x97, 0x2a, 0x18, 0x03, 0x19, 0x0e, 0xca, 0xe0,
  0xfb, 0xf6, 0xea, 0xa3, 0x24, 0x11, 0xdf, 0x96, 0xc0, 0xc5, 0xc5, 0xe7,
  0x08, 0xda, 0xec, 0xbc, 0x81, 0xe8, 0xac, 0xdb, 0xf7, 0xea, 0xfa, 0x3e,
  0xbf, 0xf8, 0xd0, 0x9a, 0x0a, 0x38, 0x9f, 0xfb, 0xed, 0xd2, 0x95, 0xfc,
  0xf2, 0xc4, 0x3b, 0xde, 0xd5, 0xca, 0xf1, 0xe5, 0xc6, 0x2b, 0xfb, 0xd6,
  0x2f, 0x3c, 0xf0, 0x08, 0x31, 0x10, 0xd4, 0xef, 0xd0, 0x24, 0xf7, 0xd4,
  0x13, 0xe5, 0x18, 0x09, 0xf0, 0xff, 0x23, 0x1f, 0xe1, 0x0e, 0xf0, 0x52,
  0x81, 0x3f, 0x0a, 0xc0, 0x01, 0x04, 0xe7, 0xfe, 0xea, 0x03, 0xf2, 0xdb,
  0xfc, 0xd6, 0xfa, 0xab, 0x1b, 0x20, 0x29, 0x1d, 0x5e, 0x1f, 0x29, 0xfc,
  0xc7, 0x53, 0x33, 0x49, 0x1c, 0xde, 0x2a, 0x1d, 0x2f, 0x36, 0xf1, 0xce,
  0xfd, 0x0b, 0xdd, 0x23, 0xfb, 0xfe, 0xf6, 0x15, 0x04, 0xea, 0x4e, 0xec,
  0xe5, 0x09, 0x38, 0x02, 0x00, 0xe3, 0xd5, 0x07, 0x18, 0x23, 0xf6, 0xfa,
  0xce, 0x22, 0x10, 0x42, 0xfa, 0x03, 0x0d, 0xe7, 0x2e, 0xe1, 0x14, 0x27,
  0xef, 0xfb, 0x07, 0xf3, 0x12, 0xf2, 0xb0, 0xbb, 0x1f, 0xed, 0xfd, 0x34,
  0x43, 0x10, 0x1c, 0x15, 0xb3, 0x7f, 0xf1, 0x2c, 0x04, 0x97, 0x00, 0x12,
  0x17, 0x40, 0xfc, 0xeb, 0x1b, 0xf5, 0xa7, 0x21, 0x1e, 0xe3, 0x24, 0x12,
  0x1d, 0x17, 0x4a, 0x03, 0x01, 0xd6, 0x00, 0xe3, 0xbe, 0xc9, 0x09, 0xd0,
  0xb6, 0x39, 0xe5, 0xf9, 0x34, 0xf2, 0x08, 0x2f, 0xe8, 0xbb, 0x92, 0xc8,
  0xe9, 0xcb, 0xdf, 0xad, 0x2e, 0x12, 0xda, 0x81, 0x2b, 0x2c, 0x0b, 0x12,
  0xce, 0xe4, 0x00, 0xdc, 0x01, 0xf7, 0xe3, 0xca, 0xe1, 0x0f, 0xc6, 0xf4,
  0x11, 0xf0, 0x00, 0xf2, 0xdb, 0x08, 0x12, 0xaf, 0xd7, 0x17, 0xde, 0x26,
  0x27, 0x0e, 0xb8, 0x19, 0x3a, 0xf9, 0xef, 0xd3, 0xe8, 0xdb, 0xed, 0xf0,
  0x21, 0x16, 0xde, 0x14, 0xf1, 0xea, 0xe7, 0xeb, 0x03, 0x1c, 0x21, 0xb2,
  0x1d, 0x1e, 0x12, 0x08, 0xe8, 0xb1, 0xdd, 0x07, 0xce, 0xbb, 0x22, 0x09,
  0xe3, 0x02, 0xdf, 0xf8, 0x16, 0xdc, 0x0e, 0x0c, 0x36, 0x32, 0xfc, 0x15,
  0xeb, 0x49, 0xba, 0x0e, 0x00, 0xdf, 0x1a, 0x9e, 0x81, 0x2c, 0x15, 0xe5,
  0x0b, 0x1e, 0xfd, 0x0c, 0x13, 0xc5, 0xd3, 0xdf, 0x32, 0x18, 0xde, 0x0f,
  0x0f, 0xeb, 0xd9, 0xf6, 0x2a, 0x06, 0x0b, 0xfd, 0x15, 0x38, 0xef, 0xc9,
  0x0b, 0xc7, 0x54, 0x81, 0x95, 0xdf, 0x1c, 0xb3, 0x22, 0xb9, 0xc1, 0xd9,
  0x49, 0xb8, 0xd8, 0xc5, 0x1e, 0xef, 0x1b, 0x00, 0xf6, 0x04, 0xad, 0xc7,
  0xb5, 0xc9, 0xf0, 0x1e, 0x0d, 0x05, 0x1e, 0x9f, 0xb1, 0xc4, 0x2b, 0xbc,
  0x2c, 0x54, 0xdb, 0xbc, 0x28, 0xcb, 0xd2, 0x07, 0x05, 0xab, 0x2e, 0x19,
  0x07, 0x88, 0xb4, 0x98, 0xc1, 0xdd, 0x1a, 0xca, 0xfe, 0xcc, 0xea, 0xe7,
  0x1b, 0x2a, 0xf2, 0x06, 0xe8, 0x16, 0xd9, 0x7f, 0xca, 0xe3, 0x08, 0xeb,
  0x09, 0x00, 0x25, 0xfa, 0x0e, 0x1c, 0x11, 0xcd, 0xe5, 0xde, 0xd5, 0xc7,
  0x0c, 0x05, 0x0d, 0xdf, 0x16, 0x1c, 0x1c, 0xe6, 0xd4, 0x3f, 0xfb, 0x33,
  0x2b, 0xce, 0x25, 0x3c, 0x22, 0x0c, 0xe8, 0x1b, 0x2c, 0x03, 0xd9, 0xfc,
  0xec, 0x0f, 0x09, 0x22, 0xdc, 0x10, 0x33, 0xad, 0xfb, 0xf7, 0x04, 0xf2,
  0x15, 0xde, 0xc0, 0x1f, 0x63, 0x4c, 0xc0, 0xd9, 0xf6, 0x27, 0xf1, 0x50,
  0x61, 0xd8, 0x11, 0xf7, 0x47, 0x13, 0x2d, 0x18, 0x0c, 0x12, 0x07, 0x17,
  0x0a, 0x0e, 0x8d, 0xab, 0xf5, 0xa1, 0x08, 0x83, 0xaa, 0xfc, 0x1e, 0xd6,
  0x81, 0x36, 0xae, 0x36, 0xed, 0x83, 0x78, 0xc2, 0xf1, 0x91, 0x24, 0x16,
  0x29, 0xf0, 0xd3, 0xe8, 0xf8, 0xbb, 0x3f, 0xf8, 0xca, 0xf2, 0x55, 0xd7,
  0xe0, 0x1c, 0x0a, 0xd1, 0xf4, 0x13, 0x0d, 0x09, 0xe8, 0xfb, 0x11, 0xdc,
  0xff, 0x12, 0xfa, 0xc2, 0x08, 0x36, 0x01, 0x16, 0x9b, 0xc4, 0x0a, 0x07,
  0xec, 0xd8, 0x16, 0xed, 0x0b, 0x10, 0x1e, 0x2b, 0x0e, 0x93, 0x2d, 0x3e,
  0x25, 0x7f, 0xe6, 0x23, 0x1d, 0x22, 0xe2, 0x10, 0x0e, 0x20, 0xce, 0xdc,
  0xa2, 0x33, 0xf6, 0x0b, 0x0d, 0x2d, 0x0c, 0x04, 0xf7, 0xbb, 0xa2, 0xd2,
  0x19, 0x1c, 0x95, 0xde, 0xfa, 0x19, 0xfc, 0x1e, 0xe5, 0xdd, 0x9c, 0xea,
  0x41, 0x87, 0x06, 0x13, 0xd5, 0x5d, 0x2d, 0xad, 0xd1, 0xe2, 0x06, 0x99,
  0x09, 0x4e, 0xe2, 0x09, 0xff, 0xa7, 0x16, 0xe1, 0x14, 0xf2, 0x40, 0x25,
  0x16, 0xff, 0xb8, 0x27, 0xf6, 0x33, 0xc4, 0xe9, 0x35, 0xe3, 0xa1, 0xb5,
  0x98, 0x28, 0xb9, 0x14, 0x2c, 0xff, 0x1e, 0x3b, 0xe9, 0xf4, 0xd2, 0xc0,
  0x8e, 0x57, 0xd5, 0xb5, 0xb3, 0x24, 0x81, 0x04, 0x4a, 0xe0, 0x01, 0xd2,
  0x0e, 0xef, 0xff, 0x25, 0xff, 0x13, 0xfe, 0x2b, 0xf8, 0x03, 0x19, 0x7f,
  0x98, 0xc5, 0xd2, 0xd4, 0x3f, 0x44, 0x08, 0xf6, 0xe8, 0x41, 0xea, 0x19,
  0xfb, 0xf6, 0xd5, 0xaf, 0xf2, 0xfd, 0x10, 0x57, 0x32, 0xff, 0x17, 0x45,
  0xa4, 0x12, 0x27, 0xca, 0xef, 0xcb, 0x25, 0x60, 0x4f, 0x3f, 0x17, 0x13,
  0x38, 0xcd, 0xfb, 0xf5, 0x10, 0xfa, 0x18, 0x18, 0xde, 0x12, 0x57, 0xea,
  0x2f, 0xd4, 0x07, 0xe5, 0xcd, 0xb1, 0x1f, 0x62, 0x44, 0xb5, 0x45, 0x21,
  0x32, 0x07, 0xf4, 0x4a, 0xfb, 0x4d, 0x0f, 0x0c, 0x23, 0x26, 0x07, 0x05,
  0x42, 0x3c, 0x81, 0xa6, 0x8b, 0xe7, 0x53, 0xb9, 0xbd, 0xeb, 0xac, 0x3c,
  0xe5, 0x15, 0xce, 0x14, 0xcf, 0xf3, 0x05, 0xbf, 0xf0, 0xd3, 0x72, 0xec,
  0xcb, 0x0a, 0x97, 0xeb, 0x2e, 0xd9, 0x03, 0x42, 0xb6, 0x02, 0x0f, 0x8d,
  0xb3, 0xd5, 0x1b, 0xd8, 0x2e, 0xdb, 0xd5, 0xaa, 0xfe, 0x00, 0xf0, 0xee,
  0x1e, 0x00, 0x2b, 0x22, 0x21, 0xe6, 0xd0, 0xcc, 0x7f, 0xf6, 0x30, 0xfe,
  0x16, 0x24, 0x18, 0x08, 0x44, 0x09, 0x0e, 0xd8, 0xea, 0x18, 0x2e, 0x01,
  0xe6, 0x0b, 0x10, 0xaf, 0xc8, 0x96, 0xf8, 0xeb, 0x41, 0xe1, 0x2b, 0xe1,
  0x01, 0x32, 0xf8, 0xd9, 0x2a, 0xbe, 0x0c, 0x1c, 0xf7, 0xf0, 0x5d, 0x27,
  0xd3, 0x02, 0x25, 0x20, 0xec, 0x22, 0x1a, 0xe7, 0x9c, 0x2d, 0x2e, 0xf7,
  0xfc, 0xd9, 0xdc, 0x07, 0xf2, 0x1b, 0x12, 0xfa, 0x17, 0xe3, 0xec, 0x05,
  0xee, 0xd5, 0xd8, 0x16, 0x19, 0x4e, 0x05, 0xef, 0x46, 0x03, 0x08, 0x10,
  0xff, 0x01, 0xfe, 0xfc, 0x05, 0x2d, 0x1d, 0xe7, 0xde, 0xc6, 0xff, 0x12,
  0xfc, 0x03, 0x44, 0x01, 0xae, 0x1f, 0xfe, 0x64, 0x3d, 0xe8, 0x36, 0xe8,
  0xfc, 0xe1, 0x0d, 0x0f, 0x04, 0xd0, 0x36, 0x23, 0x04, 0x09, 0x7f, 0xc8,
  0x1f, 0x1f, 0x10, 0xe1, 0x4e, 0xfd, 0xff, 0xff, 0x04, 0x00, 0x00, 0x00,
  0x80, 0x00, 0x00, 0x00, 0xcc, 0x0b, 0x00, 0x00, 0x3b, 0xfc, 0xff, 0xff,
  0x22, 0xfc, 0xff, 0xff, 0xeb, 0xf8, 0xff, 0xff, 0x18, 0x00, 0x00, 0x00,
  0x28, 0x0d, 0x00, 0x00, 0xc2, 0xf7, 0xff, 0xff, 0x21, 0x0d, 0x00, 0x00,
  0x00, 0x00, 0x00, 0x00, 0x00, 0x00, 0x00, 0x00, 0xf9, 0x0b, 0x00, 0x00,
  0x52, 0x03, 0x00, 0x00, 0x28, 0xf8, 0xff, 0xff, 0xa9, 0x07, 0x00, 0x00,
  0xa3, 0x03, 0x00, 0x00, 0xa4, 0xfb, 0xff, 0xff, 0xd5, 0x02, 0x00, 0x00,
  0xf5, 0xff, 0xff, 0xff, 0x0d, 0xf7, 0xff, 0xff, 0x54, 0xfb, 0xff, 0xff,
  0x90, 0x01, 0x00, 0x00, 0x3a, 0xf7, 0xff, 0xff, 0x91, 0x08, 0x00, 0x00,
  0x00, 0x00, 0x00, 0x00, 0xca, 0xf0, 0xff, 0xff, 0x9c, 0x04, 0x00, 0x00,
  0xda, 0xfb, 0xff, 0xff, 0x17, 0xf9, 0xff, 0xff, 0xe4, 0xfb, 0xff, 0xff,
  0xbc, 0xfb, 0xff, 0xff, 0x47, 0xfd, 0xff, 0xff, 0xf5, 0xfe, 0xff, 0xff,
  0xda, 0xfd, 0xff, 0xff, 0x04, 0x00, 0x00, 0x00, 0xa0, 0x00, 0x00, 0x00,
  0x1e, 0x0b, 0x0f, 0xf1, 0xea, 0xfa, 0x19, 0xe9, 0xff, 0xf4, 0x98, 0xbe,
  0xfb, 0xe5, 0x26, 0x0f, 0x98, 0x28, 0xf0, 0x1e, 0x11, 0x03, 0xa5, 0x07,
  0x59, 0x28, 0x81, 0xfa, 0x1e, 0x00, 0x0b, 0x25, 0x35, 0x1e, 0x90, 0xed,
  0x49, 0x03, 0x1f, 0xee, 0xd7, 0xfe, 0x2d, 0x7f, 0xe8, 0xf1, 0xa3, 0xf3,
  0x6c, 0x06, 0xf6, 0xab, 0xf3, 0xff, 0xe3, 0xc8, 0xdc, 0x00, 0xcf, 0xe6,
  0x20, 0x02, 0x0f, 0x35, 0x07, 0x07, 0x27, 0xf3, 0x83, 0x18, 0xb6, 0x06,
  0xef, 0x07, 0x53, 0xb7, 0xec, 0x37, 0x3e, 0x96, 0x81, 0xac, 0xda, 0x96,
  0x0b, 0x05, 0x30, 0x06, 0xcc, 0x28, 0x27, 0x05, 0xb4, 0xfc, 0xee, 0x9f,
  0xc4, 0x0c, 0x42, 0xf6, 0xb0, 0xb0, 0xc2, 0x81, 0x06, 0xe5, 0xe7, 0x25,
  0xfd, 0xe7, 0xfe, 0x3f, 0x1b, 0x51, 0x00, 0xc2, 0xaf, 0x1d, 0xb7, 0xf8,
  0xab, 0xa8, 0x2e, 0x12, 0xb5, 0xfc, 0x1a, 0xfc, 0x9b, 0x07, 0xbb, 0x02,
  0x46, 0x1f, 0xbf, 0x1a, 0xf8, 0x08, 0x81, 0xab, 0xed, 0xe9, 0xac, 0xc0,
  0xb3, 0xc9, 0x01, 0x30, 0x1a, 0x05, 0x24, 0x08, 0x1a, 0xd6, 0x16, 0x08,
  0x1b, 0xf4, 0xa6, 0xcf, 0x86, 0xfe, 0xff, 0xff, 0x04, 0x00, 0x00, 0x00,
  0x14, 0x00, 0x00, 0x00, 0x69, 0xfb, 0xff, 0xff, 0xde, 0xf9, 0xff, 0xff,
  0x86, 0x05, 0x00, 0x00, 0x14, 0x08, 0x00, 0x00, 0xc0, 0xfc, 0xff, 0xff,
  0xa6, 0xfe, 0xff, 0xff, 0x04, 0x00, 0x00, 0x00, 0x0c, 0x00, 0x00, 0x00,
  0xff, 0xff, 0xff, 0xff, 0x2e, 0x00, 0x00, 0x00, 0x40, 0x00, 0x00, 0x00,
  0xbe, 0xfe, 0xff, 0xff, 0x04, 0x00, 0x00, 0x00, 0x0c, 0x00, 0x00, 0x00,
  0xff, 0xff, 0xff, 0xff, 0x2e, 0x00, 0x00, 0x00, 0x20, 0x00, 0x00, 0x00,
  0xd6, 0xfe, 0xff, 0xff, 0x04, 0x00, 0x00, 0x00, 0x0c, 0x00, 0x00, 0x00,
  0xff, 0xff, 0xff, 0xff, 0x5d, 0x00, 0x00, 0x00, 0x20, 0x00, 0x00, 0x00,
  0xee, 0xfe, 0xff, 0xff, 0x04, 0x00, 0x00, 0x00, 0x0c, 0x00, 0x00, 0x00,
  0xff, 0xff, 0xff, 0xff, 0x5d, 0x00, 0x00, 0x00, 0x10, 0x00, 0x00, 0x00,
  0x06, 0xff, 0xff, 0xff, 0x04, 0x00, 0x00, 0x00, 0x04, 0x00, 0x00, 0x00,
  0x01, 0x00, 0x00, 0x00, 0x16, 0xff, 0xff, 0xff, 0x04, 0x00, 0x00, 0x00,
  0x0c, 0x00, 0x00, 0x00, 0xff, 0xff, 0xff, 0xff, 0xbb, 0x00, 0x00, 0x00,
  0x10, 0x00, 0x00, 0x00, 0x2e, 0xff, 0xff, 0xff, 0x04, 0x00, 0x00, 0x00,
  0x04, 0x00, 0x00, 0x00, 0xfd, 0xff, 0xff, 0xff, 0x44, 0xd6, 0xff, 0xff,
  0x48, 0xd6, 0xff, 0xff, 0x0f, 0x00, 0x00, 0x00, 0x4d, 0x4c, 0x49, 0x52,
  0x20, 0x43, 0x6f, 0x6e, 0x76, 0x65, 0x72, 0x74, 0x65, 0x64, 0x2e, 0x00,
  0x01, 0x00, 0x00, 0x00, 0x14, 0x00, 0x00, 0x00, 0x00, 0x00, 0x0e, 0x00,
  0x18, 0x00, 0x14, 0x00, 0x10, 0x00, 0x0c, 0x00, 0x08, 0x00, 0x04, 0x00,
  0x0e, 0x00, 0x00, 0x00, 0x14, 0x00, 0x00, 0x00, 0x1c, 0x00, 0x00, 0x00,
  0x6c, 0x04, 0x00, 0x00, 0x70, 0x04, 0x00, 0x00, 0x74, 0x04, 0x00, 0x00,
  0x04, 0x00, 0x00, 0x00, 0x6d, 0x61, 0x69, 0x6e, 0x00, 0x00, 0x00, 0x00,
  0x13, 0x00, 0x00, 0x00, 0x24, 0x04, 0x00, 0x00, 0xc4, 0x03, 0x00, 0x00,
  0x8c, 0x03, 0x00, 0x00, 0x50, 0x03, 0x00, 0x00, 0xfc, 0x02, 0x00, 0x00,
  0xc4, 0x02, 0x00, 0x00, 0x94, 0x02, 0x00, 0x00, 0x50, 0x02, 0x00, 0x00,
  0x28, 0x02, 0x00, 0x00, 0xf8, 0x01, 0x00, 0x00, 0xb4, 0x01, 0x00, 0x00,
  0x8c, 0x01, 0x00, 0x00, 0x5c, 0x01, 0x00, 0x00, 0x18, 0x01, 0x00, 0x00,
  0xf0, 0x00, 0x00, 0x00, 0xbc, 0x00, 0x00, 0x00, 0x78, 0x00, 0x00, 0x00,
  0x40, 0x00, 0x00, 0x00, 0x04, 0x00, 0x00, 0x00, 0x4e, 0xfd, 0xff, 0xff,
  0x1c, 0x00, 0x00, 0x00, 0x00, 0x00, 0x00, 0x09, 0x1c, 0x00, 0x00, 0x00,
  0x20, 0x00, 0x00, 0x00, 0x06, 0x00, 0x00, 0x00, 0x00, 0x00, 0x06, 0x00,
  0x08, 0x00, 0x04, 0x00, 0x06, 0x00, 0x00, 0x00, 0x00, 0x00, 0x80, 0x3f,
  0x01, 0x00, 0x00, 0x00, 0x24, 0x00, 0x00, 0x00, 0x01, 0x00, 0x00, 0x00,
  0x23, 0x00, 0x00, 0x00, 0xca, 0xfc, 0xff, 0xff, 0x14, 0x00, 0x00, 0x00,
  0x00, 0x00, 0x00, 0x08, 0x10, 0x00, 0x00, 0x00, 0x14, 0x00, 0x00, 0x00,
  0x05, 0x00, 0x00, 0x00, 0x3c, 0xd7, 0xff, 0xff, 0x01, 0x00, 0x00, 0x00,
  0x23, 0x00, 0x00, 0x00, 0x03, 0x00, 0x00, 0x00, 0x22, 0x00, 0x00, 0x00,
  0x09, 0x00, 0x00, 0x00, 0x08, 0x00, 0x00, 0x00, 0xba, 0xfd, 0xff, 0xff,
  0x1c, 0x00, 0x00, 0x00, 0x00, 0x00, 0x00, 0x08, 0x1c, 0x00, 0x00, 0x00,
  0x20, 0x00, 0x00, 0x00, 0x05, 0x00, 0x00, 0x00, 0x00, 0x00, 0x06, 0x00,
  0x08, 0x00, 0x07, 0x00, 0x06, 0x00, 0x00, 0x00, 0x00, 0x00, 0x00, 0x01,
  0x01, 0x00, 0x00, 0x00, 0x22, 0x00, 0x00, 0x00, 0x03, 0x00, 0x00, 0x00,
  0x21, 0x00, 0x00, 0x00, 0x0b, 0x00, 0x00, 0x00, 0x0a, 0x00, 0x00, 0x00,
  0x3e, 0xfd, 0xff, 0xff, 0x14, 0x00, 0x00, 0x00, 0x00, 0x00, 0x00, 0x1b,
  0x10, 0x00, 0x00, 0x00, 0x14, 0x00, 0x00, 0x00, 0x04, 0x00, 0x00, 0x00,
  0xb0, 0xd7, 0xff, 0xff, 0x01, 0x00, 0x00, 0x00, 0x21, 0x00, 0x00, 0x00,
  0x02, 0x00, 0x00, 0x00, 0x20, 0x00, 0x00, 0x00, 0x03, 0x00, 0x00, 0x00,
  0x9e, 0xfd, 0xff, 0xff, 0x0c, 0x00, 0x00, 0x00, 0x10, 0x00, 0x00, 0x00,
  0x02, 0x00, 0x00, 0x00, 0x01, 0x00, 0x00, 0x00, 0x20, 0x00, 0x00, 0x00,
  0x02, 0x00, 0x00, 0x00, 0x1f, 0x00, 0x00, 0x00, 0x07, 0x00, 0x00, 0x00,
  0x92, 0xfd, 0xff, 0xff, 0x14, 0x00, 0x00, 0x00, 0x00, 0x00, 0x00, 0x01,
  0x1c, 0x00, 0x00, 0x00, 0x20, 0x00, 0x00, 0x00, 0x01, 0x00, 0x00, 0x00,
  0x84, 0xfd, 0xff, 0xff, 0x00, 0x00, 0x00, 0x01, 0x01, 0x00, 0x00, 0x00,
  0x01, 0x00, 0x00, 0x00, 0x01, 0x00, 0x00, 0x00, 0x1f, 0x00, 0x00, 0x00,
  0x03, 0x00, 0x00, 0x00, 0x1e, 0x00, 0x00, 0x00, 0x0d, 0x00, 0x00, 0x00,
  0x0c, 0x00, 0x00, 0x00, 0x76, 0xfd, 0xff, 0xff, 0x10, 0x00, 0x00, 0x00,
  0x00, 0x00, 0x00, 0x34, 0x0c, 0x00, 0x00, 0x00, 0x10, 0x00, 0x00, 0x00,
  0x40, 0xd8, 0xff, 0xff, 0x01, 0x00, 0x00, 0x00, 0x1e, 0x00, 0x00, 0x00,
  0x02, 0x00, 0x00, 0x00, 0x1d, 0x00, 0x00, 0x00, 0x01, 0x00, 0x00, 0x00,
  0x2e, 0xfe, 0xff, 0xff, 0x0c, 0x00, 0x00, 0x00, 0x10, 0x00, 0x00, 0x00,
  0x02, 0x00, 0x00, 0x00, 0x01, 0x00, 0x00, 0x00, 0x1d, 0x00, 0x00, 0x00,
  0x02, 0x00, 0x00, 0x00, 0x1c, 0x00, 0x00, 0x00, 0x06, 0x00, 0x00, 0x00,
  0x22, 0xfe, 0xff, 0xff, 0x14, 0x00, 0x00, 0x00, 0x00, 0x00, 0x00, 0x05,
  0x24, 0x00, 0x00, 0x00, 0x28, 0x00, 0x00, 0x00, 0x03, 0x00, 0x00, 0x00,
  0xce, 0xfe, 0xff, 0xff, 0x01, 0x00, 0x00, 0x00, 0x02, 0x00, 0x00, 0x00,
  0x01, 0x00, 0x00, 0x00, 0x02, 0x00, 0x00, 0x00, 0x00, 0x00, 0x00, 0x01,
  0x01, 0x00, 0x00, 0x00, 0x1c, 0x00, 0x00, 0x00, 0x01, 0x00, 0x00, 0x00,
  0x1b, 0x00, 0x00, 0x00, 0x06, 0xfe, 0xff, 0xff, 0x10, 0x00, 0x00, 0x00,
  0x00, 0x00, 0x00, 0x34, 0x0c, 0x00, 0x00, 0x00, 0x10, 0x00, 0x00, 0x00,
  0xd0, 0xd8, 0xff, 0xff, 0x01, 0x00, 0x00, 0x00, 0x1b, 0x00, 0x00, 0x00,
  0x02, 0x00, 0x00, 0x00, 0x1a, 0x00, 0x00, 0x00, 0x03, 0x00, 0x00, 0x00,
  0xbe, 0xfe, 0xff, 0xff, 0x0c, 0x00, 0x00, 0x00, 0x10, 0x00, 0x00, 0x00,
  0x02, 0x00, 0x00, 0x00, 0x01, 0x00, 0x00, 0x00, 0x1a, 0x00, 0x00, 0x00,
  0x02, 0x00, 0x00, 0x00, 0x19, 0x00, 0x00, 0x00, 0x05, 0x00, 0x00, 0x00,
  0xb2, 0xfe, 0xff, 0xff, 0x14, 0x00, 0x00, 0x00, 0x00, 0x00, 0x00, 0x01,
  0x1c, 0x00, 0x00, 0x00, 0x20, 0x00, 0x00, 0x00, 0x01, 0x00, 0x00, 0x00,
  0xa4, 0xfe, 0xff, 0xff, 0x00, 0x00, 0x00, 0x01, 0x01, 0x00, 0x00, 0x00,
  0x01, 0x00, 0x00, 0x00, 0x01, 0x00, 0x00, 0x00, 0x19, 0x00, 0x00, 0x00,
  0x03, 0x00, 0x00, 0x00, 0x18, 0x00, 0x00, 0x00, 0x0f, 0x00, 0x00, 0x00,
  0x0e, 0x00, 0x00, 0x00, 0x96, 0xfe, 0xff, 0xff, 0x10, 0x00, 0x00, 0x00,
  0x00, 0x00, 0x00, 0x34, 0x0c, 0x00, 0x00, 0x00, 0x10, 0x00, 0x00, 0x00,
  0x60, 0xd9, 0xff, 0xff, 0x01, 0x00, 0x00, 0x00, 0x18, 0x00, 0x00, 0x00,
  0x02, 0x00, 0x00, 0x00, 0x17, 0x00, 0x00, 0x00, 0x01, 0x00, 0x00, 0x00,
  0x4e, 0xff, 0xff, 0xff, 0x0c, 0x00, 0x00, 0x00, 0x10, 0x00, 0x00, 0x00,
  0x02, 0x00, 0x00, 0x00, 0x01, 0x00, 0x00, 0x00, 0x17, 0x00, 0x00, 0x00,
  0x02, 0x00, 0x00, 0x00, 0x16, 0x00, 0x00, 0x00, 0x04, 0x00, 0x00, 0x00,
  0x00, 0x00, 0x0e, 0x00, 0x1a, 0x00, 0x14, 0x00, 0x10, 0x00, 0x0c, 0x00,
  0x0b, 0x00, 0x04, 0x00, 0x0e, 0x00, 0x00, 0x00, 0x24, 0x00, 0x00, 0x00,
  0x00, 0x00, 0x00, 0x05, 0x34, 0x00, 0x00, 0x00, 0x38, 0x00, 0x00, 0x00,
  0x03, 0x00, 0x00, 0x00, 0x00, 0x00, 0x0e, 0x00, 0x18, 0x00, 0x17, 0x00,
  0x10, 0x00, 0x0c, 0x00, 0x08, 0x00, 0x04, 0x00, 0x0e, 0x00, 0x00, 0x00,
  0x01, 0x00, 0x00, 0x00, 0x02, 0x00, 0x00, 0x00, 0x01, 0x00, 0x00, 0x00,
  0x02, 0x00, 0x00, 0x00, 0x00, 0x00, 0x00, 0x01, 0x01, 0x00, 0x00, 0x00,
  0x16, 0x00, 0x00, 0x00, 0x01, 0x00, 0x00, 0x00, 0x15, 0x00, 0x00, 0x00,
  0x46, 0xff, 0xff, 0xff, 0x10, 0x00, 0x00, 0x00, 0x00, 0x00, 0x00, 0x34,
  0x0c, 0x00, 0x00, 0x00, 0x10, 0x00, 0x00, 0x00, 0x10, 0xda, 0xff, 0xff,
  0x01, 0x00, 0x00, 0x00, 0x15, 0x00, 0x00, 0x00, 0x02, 0x00, 0x00, 0x00,
  0x14, 0x00, 0x00, 0x00, 0x03, 0x00, 0x00, 0x00, 0x00, 0x00, 0x0a, 0x00,
  0x10, 0x00, 0x0c, 0x00, 0x08, 0x00, 0x04, 0x00, 0x0a, 0x00, 0x00, 0x00,
  0x0c, 0x00, 0x00, 0x00, 0x10, 0x00, 0x00, 0x00, 0x02, 0x00, 0x00, 0x00,
  0x01, 0x00, 0x00, 0x00, 0x14, 0x00, 0x00, 0x00, 0x02, 0x00, 0x00, 0x00,
  0x13, 0x00, 0x00, 0x00, 0x02, 0x00, 0x00, 0x00, 0x00, 0x00, 0x0e, 0x00,
  0x18, 0x00, 0x14, 0x00, 0x10, 0x00, 0x0c, 0x00, 0x0b, 0x00, 0x04, 0x00,
  0x0e, 0x00, 0x00, 0x00, 0x20, 0x00, 0x00, 0x00, 0x00, 0x00, 0x00, 0x01,
  0x28, 0x00, 0x00, 0x00, 0x2c, 0x00, 0x00, 0x00, 0x01, 0x00, 0x00, 0x00,
  0x0c, 0x00, 0x10, 0x00, 0x00, 0x00, 0x0c, 0x00, 0x08, 0x00, 0x07, 0x00,
  0x0c, 0x00, 0x00, 0x00, 0x00, 0x00, 0x00, 0x01, 0x01, 0x00, 0x00, 0x00,
  0x01, 0x00, 0x00, 0x00, 0x01, 0x00, 0x00, 0x00, 0x13, 0x00, 0x00, 0x00,
  0x03, 0x00, 0x00, 0x00, 0x12, 0x00, 0x00, 0x00, 0x11, 0x00, 0x00, 0x00,
  0x10, 0x00, 0x00, 0x00, 0x00, 0x00, 0x0e, 0x00, 0x14, 0x00, 0x00, 0x00,
  0x10, 0x00, 0x0c, 0x00, 0x0b, 0x00, 0x04, 0x00, 0x0e, 0x00, 0x00, 0x00,
  0x10, 0x00, 0x00, 0x00, 0x00, 0x00, 0x00, 0x34, 0x0c, 0x00, 0x00, 0x00,
  0x10, 0x00, 0x00, 0x00, 0xd8, 0xda, 0xff, 0xff, 0x01, 0x00, 0x00, 0x00,
  0x12, 0x00, 0x00, 0x00, 0x02, 0x00, 0x00, 0x00, 0x00, 0x00, 0x00, 0x00,
  0x01, 0x00, 0x00, 0x00, 0x01, 0x00, 0x00, 0x00, 0x24, 0x00, 0x00, 0x00,
  0x01, 0x00, 0x00, 0x00, 0x00, 0x00, 0x00, 0x00, 0x25, 0x00, 0x00, 0x00,
  0x34, 0x25, 0x00, 0x00, 0xdc, 0x24, 0x00, 0x00, 0x64, 0x24, 0x00, 0x00,
  0x28, 0x24, 0x00, 0x00, 0xcc, 0x23, 0x00, 0x00, 0x6c, 0x23, 0x00, 0x00,
  0x10, 0x23, 0x00, 0x00, 0xb0, 0x22, 0x00, 0x00, 0x04, 0x22, 0x00, 0x00,
  0x58, 0x21, 0x00, 0x00, 0x54, 0x1f, 0x00, 0x00, 0x68, 0x1d, 0x00, 0x00,
  0x6c, 0x19, 0x00, 0x00, 0xf8, 0x15, 0x00, 0x00, 0x7c, 0x13, 0x00, 0x00,
  0x88, 0x11, 0x00, 0x00, 0xcc, 0x0f, 0x00, 0x00, 0x98, 0x0e, 0x00, 0x00,
  0xf4, 0x0d, 0x00, 0x00, 0xc8, 0x0c, 0x00, 0x00, 0xc8, 0x0b, 0x00, 0x00,
  0x28, 0x0b, 0x00, 0x00, 0x94, 0x0a, 0x00, 0x00, 0xfc, 0x09, 0x00, 0x00,
  0x54, 0x09, 0x00, 0x00, 0x28, 0x08, 0x00, 0x00, 0x28, 0x07, 0x00, 0x00,
  0x88, 0x06, 0x00, 0x00, 0xf4, 0x05, 0x00, 0x00, 0x5c, 0x05, 0x00, 0x00,
  0xb4, 0x04, 0x00, 0x00, 0x88, 0x03, 0x00, 0x00, 0x88, 0x02, 0x00, 0x00,
  0xf8, 0x01, 0x00, 0x00, 0x34, 0x01, 0x00, 0x00, 0x80, 0x00, 0x00, 0x00,
  0x04, 0x00, 0x00, 0x00, 0x76, 0xdb, 0xff, 0xff, 0x00, 0x00, 0x00, 0x01,
  0x18, 0x00, 0x00, 0x00, 0x20, 0x00, 0x00, 0x00, 0x3c, 0x00, 0x00, 0x00,
  0x25, 0x00, 0x00, 0x00, 0x00, 0x00, 0x00, 0x09, 0x50, 0x00, 0x00, 0x00,
  0x02, 0x00, 0x00, 0x00, 0xff, 0xff, 0xff, 0xff, 0x05, 0x00, 0x00, 0x00,
  0x5c, 0xdb, 0xff, 0xff, 0x08, 0x00, 0x00, 0x00, 0x10, 0x00, 0x00, 0x00,
  0x01, 0x00, 0x00, 0x00, 0x80, 0xff, 0xff, 0xff, 0xff, 0xff, 0xff, 0xff,
  0x01, 0x00, 0x00, 0x00, 0x00, 0x00, 0x80, 0x3b, 0x1b, 0x00, 0x00, 0x00,
  0x53, 0x74, 0x61, 0x74, 0x65, 0x66, 0x75, 0x6c, 0x50, 0x61, 0x72, 0x74,
  0x69, 0x74, 0x69, 0x6f, 0x6e, 0x65, 0x64, 0x43, 0x61, 0x6c, 0x6c, 0x5f,
  0x31, 0x3a, 0x30, 0x00, 0x02, 0x00, 0x00, 0x00, 0x01, 0x00, 0x00, 0x00,
  0x05, 0x00, 0x00, 0x00, 0xee, 0xdb, 0xff, 0xff, 0x00, 0x00, 0x00, 0x01,
  0x18, 0x00, 0x00, 0x00, 0x20, 0x00, 0x00, 0x00, 0x3c, 0x00, 0x00, 0x00,
  0x24, 0x00, 0x00, 0x00, 0x00, 0x00, 0x00, 0x09, 0x88, 0x00, 0x00, 0x00,
  0x02, 0x00, 0x00, 0x00, 0xff, 0xff, 0xff, 0xff, 0x05, 0x00, 0x00, 0x00,
  0xd4, 0xdb, 0xff, 0xff, 0x08, 0x00, 0x00, 0x00, 0x10, 0x00, 0x00, 0x00,
  0x01, 0x00, 0x00, 0x00, 0x20, 0x00, 0x00, 0x00, 0x00, 0x00, 0x00, 0x00,
  0x01, 0x00, 0x00, 0x00, 0x5d, 0x57, 0xf6, 0x3d, 0x50, 0x00, 0x00, 0x00,
  0x73, 0x63, 0x72, 0x61, 0x74, 0x63, 0x68, 0x5f, 0x65, 0x63, 0x67, 0x5f,
  0x63, 0x6e, 0x6e, 0x5f, 0x31, 0x2f, 0x6f, 0x75, 0x74, 0x70, 0x75, 0x74,
  0x5f, 0x6c, 0x61, 0x79, 0x65, 0x72, 0x5f, 0x31, 0x2f, 0x4d, 0x61, 0x74,
  0x4d, 0x75, 0x6c, 0x3b, 0x73, 0x63, 0x72, 0x61, 0x74, 0x63, 0x68, 0x5f,
  0x65, 0x63, 0x67, 0x5f, 0x63, 0x6e, 0x6e, 0x5f, 0x31, 0x2f, 0x6f, 0x75,
  0x74, 0x70, 0x75, 0x74, 0x5f, 0x6c, 0x61, 0x79, 0x65, 0x72, 0x5f, 0x31,
  0x2f, 0x42, 0x69, 0x61, 0x73, 0x41, 0x64, 0x64, 0x00, 0x00, 0x00, 0x00,
  0x02, 0x00, 0x00, 0x00, 0x01, 0x00, 0x00, 0x00, 0x05, 0x00, 0x00, 0x00,
  0x9e, 0xdc, 0xff, 0xff, 0x00, 0x00, 0x00, 0x01, 0x18, 0x00, 0x00, 0x00,
  0x20, 0x00, 0x00, 0x00, 0x3c, 0x00, 0x00, 0x00, 0x23, 0x00, 0x00, 0x00,
  0x00, 0x00, 0x00, 0x09, 0x98, 0x00, 0x00, 0x00, 0x02, 0x00, 0x00, 0x00,
  0xff, 0xff, 0xff, 0xff, 0x20, 0x00, 0x00, 0x00, 0x84, 0xdc, 0xff, 0xff,
  0x08, 0x00, 0x00, 0x00, 0x10, 0x00, 0x00, 0x00, 0x01, 0x00, 0x00, 0x00,
  0x80, 0xff, 0xff, 0xff, 0xff, 0xff, 0xff, 0xff, 0x01, 0x00, 0x00, 0x00,
  0x3a, 0x3a, 0x69, 0x3c, 0x63, 0x00, 0x00, 0x00, 0x73, 0x63, 0x72, 0x61,
  0x74, 0x63, 0x68, 0x5f, 0x65, 0x63, 0x67, 0x5f, 0x63, 0x6e, 0x6e, 0x5f,
  0x31, 0x2f, 0x64, 0x65, 0x6e, 0x73, 0x65, 0x31, 0x5f, 0x31, 0x2f, 0x4d,
  0x61, 0x74, 0x4d, 0x75, 0x6c, 0x3b, 0x73, 0x63, 0x72, 0x61, 0x74, 0x63,
  0x68, 0x5f, 0x65, 0x63, 0x67, 0x5f, 0x63, 0x6e, 0x6e, 0x5f, 0x31, 0x2f,
  0x72, 0x65, 0x6c, 0x75, 0x34, 0x5f, 0x31, 0x2f, 0x52, 0x65, 0x6c, 0x75,
  0x3b, 0x73, 0x63, 0x72, 0x61, 0x74, 0x63, 0x68, 0x5f, 0x65, 0x63, 0x67,
  0x5f, 0x63, 0x6e, 0x6e, 0x5f, 0x31, 0x2f, 0x64, 0x65, 0x6e, 0x73, 0x65,
  0x31, 0x5f, 0x31, 0x2f, 0x42, 0x69, 0x61, 0x73, 0x41, 0x64, 0x64, 0x00,
  0x02, 0x00, 0x00, 0x00, 0x01, 0x00, 0x00, 0x00, 0x20, 0x00, 0x00, 0x00,
  0x5e, 0xdd, 0xff, 0xff, 0x00, 0x00, 0x00, 0x01, 0x18, 0x00, 0x00, 0x00,
  0x20, 0x00, 0x00, 0x00, 0x3c, 0x00, 0x00, 0x00, 0x22, 0x00, 0x00, 0x00,
  0x00, 0x00, 0x00, 0x09, 0x64, 0x00, 0x00, 0x00, 0x02, 0x00, 0x00, 0x00,
  0xff, 0xff, 0xff, 0xff, 0x40, 0x00, 0x00, 0x00, 0x44, 0xdd, 0xff, 0xff,
  0x08, 0x00, 0x00, 0x00, 0x10, 0x00, 0x00, 0x00, 0x01, 0x00, 0x00, 0x00,
  0x80, 0xff, 0xff, 0xff, 0xff, 0xff, 0xff, 0xff, 0x01, 0x00, 0x00, 0x00,
  0xe6, 0x59, 0x02, 0x3c, 0x2c, 0x00, 0x00, 0x00, 0x73, 0x63, 0x72, 0x61,
  0x74, 0x63, 0x68, 0x5f, 0x65, 0x63, 0x67, 0x5f, 0x63, 0x6e, 0x6e, 0x5f,
  0x31, 0x2f, 0x67, 0x6c, 0x6f, 0x62, 0x61, 0x6c, 0x5f, 0x61, 0x76, 0x65,
  0x72, 0x61, 0x67, 0x65, 0x5f, 0x70, 0x6f, 0x6f, 0x6c, 0x5f, 0x31, 0x2f,
  0x4d, 0x65, 0x61, 0x6e, 0x00, 0x00, 0x00, 0x00, 0x02, 0x00, 0x00, 0x00,
  0x01, 0x00, 0x00, 0x00, 0x40, 0x00, 0x00, 0x00, 0xea, 0xdd, 0xff, 0xff,
  0x00, 0x00, 0x00, 0x01, 0x18, 0x00, 0x00, 0x00, 0x24, 0x00, 0x00, 0x00,
  0x44, 0x00, 0x00, 0x00, 0x21, 0x00, 0x00, 0x00, 0x00, 0x00, 0x00, 0x09,
  0xd0, 0x00, 0x00, 0x00, 0x03, 0x00, 0x00, 0x00, 0xff, 0xff, 0xff, 0xff,
  0x2e, 0x00, 0x00, 0x00, 0x40, 0x00, 0x00, 0x00, 0xd4, 0xdd, 0xff, 0xff,
  0x08, 0x00, 0x00, 0x00, 0x14, 0x00, 0x00, 0x00, 0x01, 0x00, 0x00, 0x00,
  0x80, 0xff, 0xff, 0xff, 0xff, 0xff, 0xff, 0xff, 0x00, 0x00, 0x00, 0x00,
  0x01, 0x00, 0x00, 0x00, 0x61, 0x9b, 0xa5, 0x3d, 0x90, 0x00, 0x00, 0x00,
  0x73, 0x63, 0x72, 0x61, 0x74, 0x63, 0x68, 0x5f, 0x65, 0x63, 0x67, 0x5f,
  0x63, 0x6e, 0x6e, 0x5f, 0x31, 0x2f, 0x72, 0x65, 0x6c, 0x75, 0x33, 0x5f,
  0x31, 0x2f, 0x52, 0x65, 0x6c, 0x75, 0x3b, 0x73, 0x63, 0x72, 0x61, 0x74,
  0x63, 0x68, 0x5f, 0x65, 0x63, 0x67, 0x5f, 0x63, 0x6e, 0x6e, 0x5f, 0x31,
  0x2f, 0x63, 0x6f, 0x6e, 0x76, 0x33, 0x5f, 0x31, 0x2f, 0x42, 0x69, 0x61,
  0x73, 0x41, 0x64, 0x64, 0x3b, 0x73, 0x63, 0x72, 0x61, 0x74, 0x63, 0x68,
  0x5f, 0x65, 0x63, 0x67, 0x5f, 0x63, 0x6e, 0x6e, 0x5f, 0x31, 0x2f, 0x63,
  0x6f, 0x6e, 0x76, 0x33, 0x5f, 0x31, 0x2f, 0x63, 0x6f, 0x6e, 0x76, 0x6f,
  0x6c, 0x75, 0x74, 0x69, 0x6f, 0x6e, 0x2f, 0x53, 0x71, 0x75, 0x65, 0x65,
  0x7a, 0x65, 0x3b, 0x73, 0x63, 0x72, 0x61, 0x74, 0x63, 0x68, 0x5f, 0x65,
  0x63, 0x67, 0x5f, 0x63, 0x6e, 0x6e, 0x5f, 0x31, 0x2f, 0x63, 0x6f, 0x6e,
  0x76, 0x33, 0x5f, 0x31, 0x2f, 0x53, 0x71, 0x75, 0x65, 0x65, 0x7a, 0x65,
  0x00, 0x00, 0x00, 0x00, 0x03, 0x00, 0x00, 0x00, 0x01, 0x00, 0x00, 0x00,
  0x2e, 0x00, 0x00, 0x00, 0x40, 0x00, 0x00, 0x00, 0xe6, 0xde, 0xff, 0xff,
  0x00, 0x00, 0x00, 0x01, 0x18, 0x00, 0x00, 0x00, 0x28, 0x00, 0x00, 0x00,
  0x48, 0x00, 0x00, 0x00, 0x20, 0x00, 0x00, 0x00, 0x00, 0x00, 0x00, 0x09,
  0xf8, 0x00, 0x00, 0x00, 0x04, 0x00, 0x00, 0x00, 0xff, 0xff, 0xff, 0xff,
  0x01, 0x00, 0x00, 0x00, 0x2e, 0x00, 0x00, 0x00, 0x40, 0x00, 0x00, 0x00,
  0xd4, 0xde, 0xff, 0xff, 0x08, 0x00, 0x00, 0x00, 0x14, 0x00, 0x00, 0x00,
  0x01, 0x00, 0x00, 0x00, 0x80, 0xff, 0xff, 0xff, 0xff, 0xff, 0xff, 0xff,
  0x00, 0x00, 0x00, 0x00, 0x01, 0x00, 0x00, 0x00, 0x61, 0x9b, 0xa5, 0x3d,
  0xb7, 0x00, 0x00, 0x00, 0x73, 0x63, 0x72, 0x61, 0x74, 0x63, 0x68, 0x5f,
  0x65, 0x63, 0x67, 0x5f, 0x63, 0x6e, 0x6e, 0x5f, 0x31, 0x2f, 0x72, 0x65,
  0x6c, 0x75, 0x33, 0x5f, 0x31, 0x2f, 0x52, 0x65, 0x6c, 0x75, 0x3b, 0x73,
  0x63, 0x72, 0x61, 0x74, 0x63, 0x68, 0x5f, 0x65, 0x63, 0x67, 0x5f, 0x63,
  0x6e, 0x6e, 0x5f, 0x31, 0x2f, 0x63, 0x6f, 0x6e, 0x76, 0x33, 0x5f, 0x31,
  0x2f, 0x42, 0x69, 0x61, 0x73, 0x41, 0x64, 0x64, 0x3b, 0x73, 0x63, 0x72,
  0x61, 0x74, 0x63, 0x68, 0x5f, 0x65, 0x63, 0x67, 0x5f, 0x63, 0x6e, 0x6e,
  0x5f, 0x31, 0x2f, 0x63, 0x6f, 0x6e, 0x76, 0x33, 0x5f, 0x31, 0x2f, 0x63,
  0x6f, 0x6e, 0x76, 0x6f, 0x6c, 0x75, 0x74, 0x69, 0x6f, 0x6e, 0x2f, 0x53,
  0x71, 0x75, 0x65, 0x65, 0x7a, 0x65, 0x3b, 0x73, 0x63, 0x72, 0x61, 0x74,
  0x63, 0x68, 0x5f, 0x65, 0x63, 0x67, 0x5f, 0x63, 0x6e, 0x6e, 0x5f, 0x31,
  0x2f, 0x63, 0x6f, 0x6e, 0x76, 0x33, 0x5f, 0x31, 0x2f, 0x53, 0x71, 0x75,
  0x65, 0x65, 0x7a, 0x65, 0x3b, 0x73, 0x63, 0x72, 0x61, 0x74, 0x63, 0x68,
  0x5f, 0x65, 0x63, 0x67, 0x5f, 0x63, 0x6e, 0x6e, 0x5f, 0x31, 0x2f, 0x63,
  0x6f, 0x6e, 0x76, 0x33, 0x5f, 0x31, 0x2f, 0x63, 0x6f, 0x6e, 0x76, 0x6f,
  0x6c, 0x75, 0x74, 0x69, 0x6f, 0x6e, 0x31, 0x00, 0x04, 0x00, 0x00, 0x00,
  0x01, 0x00, 0x00, 0x00, 0x01, 0x00, 0x00, 0x00, 0x2e, 0x00, 0x00, 0x00,
  0x40, 0x00, 0x00, 0x00, 0x0e, 0xe0, 0xff, 0xff, 0x00, 0x00, 0x00, 0x01,
  0x18, 0x00, 0x00, 0x00, 0x28, 0x00, 0x00, 0x00, 0x48, 0x00, 0x00, 0x00,
  0x1f, 0x00, 0x00, 0x00, 0x00, 0x00, 0x00, 0x09, 0x74, 0x00, 0x00, 0x00,
  0x04, 0x00, 0x00, 0x00, 0xff, 0xff, 0xff, 0xff, 0x01, 0x00, 0x00, 0x00,
  0x2e, 0x00, 0x00, 0x00, 0x20, 0x00, 0x00, 0x00, 0xfc, 0xdf, 0xff, 0xff,
  0x08, 0x00, 0x00, 0x00, 0x14, 0x00, 0x00, 0x00, 0x01, 0x00, 0x00, 0x00,
  0x80, 0xff, 0xff, 0xff, 0xff, 0xff, 0xff, 0xff, 0x00, 0x00, 0x00, 0x00,
  0x01, 0x00, 0x00, 0x00, 0xba, 0x02, 0xc9, 0x3c, 0x30, 0x00, 0x00, 0x00,
  0x73, 0x63, 0x72, 0x61, 0x74, 0x63, 0x68, 0x5f, 0x65, 0x63, 0x67, 0x5f,
  0x63, 0x6e, 0x6e, 0x5f, 0x31, 0x2f, 0x63, 0x6f, 0x6e, 0x76, 0x33, 0x5f,
  0x31, 0x2f, 0x63, 0x6f, 0x6e, 0x76, 0x6f, 0x6c, 0x75, 0x74, 0x69, 0x6f,
  0x6e, 0x2f, 0x45, 0x78, 0x70, 0x61, 0x6e, 0x64, 0x44, 0x69, 0x6d, 0x73,
  0x00, 0x00, 0x00, 0x00, 0x04, 0x00, 0x00, 0x00, 0x01, 0x00, 0x00, 0x00,
  0x01, 0x00, 0x00, 0x00, 0x2e, 0x00, 0x00, 0x00, 0x20, 0x00, 0x00, 0x00,
  0xb2, 0xe0, 0xff, 0xff, 0x00, 0x00, 0x00, 0x01, 0x18, 0x00, 0x00, 0x00,
  0x24, 0x00, 0x00, 0x00, 0x40, 0x00, 0x00, 0x00, 0x1e, 0x00, 0x00, 0x00,
  0x00, 0x00, 0x00, 0x09, 0x68, 0x00, 0x00, 0x00, 0x03, 0x00, 0x00, 0x00,
  0xff, 0xff, 0xff, 0xff, 0x2e, 0x00, 0x00, 0x00, 0x20, 0x00, 0x00, 0x00,
  0x9c, 0xe0, 0xff, 0xff, 0x08, 0x00, 0x00, 0x00, 0x10, 0x00, 0x00, 0x00,
  0x01, 0x00, 0x00, 0x00, 0x80, 0xff, 0xff, 0xff, 0xff, 0xff, 0xff, 0xff,
  0x01, 0x00, 0x00, 0x00, 0xba, 0x02, 0xc9, 0x3c, 0x2c, 0x00, 0x00, 0x00,
  0x73, 0x63, 0x72, 0x61, 0x74, 0x63, 0x68, 0x5f, 0x65, 0x63, 0x67, 0x5f,
  0x63, 0x6e, 0x6e, 0x5f, 0x31, 0x2f, 0x70, 0x6f, 0x6f, 0x6c, 0x32, 0x5f,
  0x31, 0x2f, 0x4d, 0x61, 0x78, 0x50, 0x6f, 0x6f, 0x6c, 0x31, 0x64, 0x2f,
  0x53, 0x71, 0x75, 0x65, 0x65, 0x7a, 0x65, 0x31, 0x00, 0x00, 0x00, 0x00,
  0x03, 0x00, 0x00, 0x00, 0x01, 0x00, 0x00, 0x00, 0x2e, 0x00, 0x00, 0x00,
  0x20, 0x00, 0x00, 0x00, 0x46, 0xe1, 0xff, 0xff, 0x00, 0x00, 0x00, 0x01,
  0x18, 0x00, 0x00, 0x00, 0x28, 0x00, 0x00, 0x00, 0x44, 0x00, 0x00, 0x00,
  0x1d, 0x00, 0x00, 0x00, 0x00, 0x00, 0x00, 0x09, 0x60, 0x00, 0x00, 0x00,
  0x04, 0x00, 0x00, 0x00, 0xff, 0xff, 0xff, 0xff, 0x01, 0x00, 0x00, 0x00,
  0x2e, 0x00, 0x00, 0x00, 0x20, 0x00, 0x00, 0x00, 0x34, 0xe1, 0xff, 0xff,
  0x08, 0x00, 0x00, 0x00, 0x10, 0x00, 0x00, 0x00, 0x01, 0x00, 0x00, 0x00,
  0x80, 0xff, 0xff, 0xff, 0xff, 0xff, 0xff, 0xff, 0x01, 0x00, 0x00, 0x00,
  0xba, 0x02, 0xc9, 0x3c, 0x23, 0x00, 0x00, 0x00, 0x73, 0x63, 0x72, 0x61,
  0x74, 0x63, 0x68, 0x5f, 0x65, 0x63, 0x67, 0x5f, 0x63, 0x6e, 0x6e, 0x5f,
  0x31, 0x2f, 0x70, 0x6f, 0x6f, 0x6c, 0x32, 0x5f, 0x31, 0x2f, 0x4d, 0x61,
  0x78, 0x50, 0x6f, 0x6f, 0x6c, 0x31, 0x64, 0x00, 0x04, 0x00, 0x00, 0x00,
  0x01, 0x00, 0x00, 0x00, 0x01, 0x00, 0x00, 0x00, 0x2e, 0x00, 0x00, 0x00,
  0x20, 0x00, 0x00, 0x00, 0xd6, 0xe1, 0xff, 0xff, 0x00, 0x00, 0x00, 0x01,
  0x18, 0x00, 0x00, 0x00, 0x28, 0x00, 0x00, 0x00, 0x44, 0x00, 0x00, 0x00,
  0x1c, 0x00, 0x00, 0x00, 0x00, 0x00, 0x00, 0x09, 0x6c, 0x00, 0x00, 0x00,
  0x04, 0x00, 0x00, 0x00, 0xff, 0xff, 0xff, 0xff, 0x01, 0x00, 0x00, 0x00,
  0x5d, 0x00, 0x00, 0x00, 0x20, 0x00, 0x00, 0x00, 0xc4, 0xe1, 0xff, 0xff,
  0x08, 0x00, 0x00, 0x00, 0x10, 0x00, 0x00, 0x00, 0x01, 0x00, 0x00, 0x00,
  0x80, 0xff, 0xff, 0xff, 0xff, 0xff, 0xff, 0xff, 0x01, 0x00, 0x00, 0x00,
  0xba, 0x02, 0xc9, 0x3c, 0x2e, 0x00, 0x00, 0x00, 0x73, 0x63, 0x72, 0x61,
  0x74, 0x63, 0x68, 0x5f, 0x65, 0x63, 0x67, 0x5f, 0x63, 0x6e, 0x6e, 0x5f,
  0x31, 0x2f, 0x70, 0x6f, 0x6f, 0x6c, 0x32, 0x5f, 0x31, 0x2f, 0x4d, 0x61,
  0x78, 0x50, 0x6f, 0x6f, 0x6c, 0x31, 0x64, 0x2f, 0x45, 0x78, 0x70, 0x61,
  0x6e, 0x64, 0x44, 0x69, 0x6d, 0x73, 0x00, 0x00, 0x04, 0x00, 0x00, 0x00,
  0x01, 0x00, 0x00, 0x00, 0x01, 0x00, 0x00, 0x00, 0x5d, 0x00, 0x00, 0x00,
  0x20, 0x00, 0x00, 0x00, 0x72, 0xe2, 0xff, 0xff, 0x00, 0x00, 0x00, 0x01,
  0x18, 0x00, 0x00, 0x00, 0x24, 0x00, 0x00, 0x00, 0x44, 0x00, 0x00, 0x00,
  0x1b, 0x00, 0x00, 0x00, 0x00, 0x00, 0x00, 0x09, 0xd0, 0x00, 0x00, 0x00,
  0x03, 0x00, 0x00, 0x00, 0xff, 0xff, 0xff, 0xff, 0x5d, 0x00, 0x00, 0x00,
  0x20, 0x00, 0x00, 0x00, 0x5c, 0xe2, 0xff, 0xff, 0x08, 0x00, 0x00, 0x00,
  0x14, 0x00, 0x00, 0x00, 0x01, 0x00, 0x00, 0x00, 0x80, 0xff, 0xff, 0xff,
  0xff, 0xff, 0xff, 0xff, 0x00, 0x00, 0x00, 0x00, 0x01, 0x00, 0x00, 0x00,
  0xba, 0x02, 0xc9, 0x3c, 0x90, 0x00, 0x00, 0x00, 0x73, 0x63, 0x72, 0x61,
  0x74, 0x63, 0x68, 0x5f, 0x65, 0x63, 0x67, 0x5f, 0x63, 0x6e, 0x6e, 0x5f,
  0x31, 0x2f, 0x72, 0x65, 0x6c, 0x75, 0x32, 0x5f, 0x31, 0x2f, 0x52, 0x65,
  0x6c, 0x75, 0x3b, 0x73, 0x63, 0x72, 0x61, 0x74, 0x63, 0x68, 0x5f, 0x65,
  0x63, 0x67, 0x5f, 0x63, 0x6e, 0x6e, 0x5f, 0x31, 0x2f, 0x63, 0x6f, 0x6e,
  0x76, 0x32, 0x5f, 0x31, 0x2f, 0x42, 0x69, 0x61, 0x73, 0x41, 0x64, 0x64,
  0x3b, 0x73, 0x63, 0x72, 0x61, 0x74, 0x63, 0x68, 0x5f, 0x65, 0x63, 0x67,
  0x5f, 0x63, 0x6e, 0x6e, 0x5f, 0x31, 0x2f, 0x63, 0x6f, 0x6e, 0x76, 0x32,
  0x5f, 0x31, 0x2f, 0x63, 0x6f, 0x6e, 0x76, 0x6f, 0x6c, 0x75, 0x74, 0x69,
  0x6f, 0x6e, 0x2f, 0x53, 0x71, 0x75, 0x65, 0x65, 0x7a, 0x65, 0x3b, 0x73,
  0x63, 0x72, 0x61, 0x74, 0x63, 0x68, 0x5f, 0x65, 0x63, 0x67, 0x5f, 0x63,
  0x6e, 0x6e, 0x5f, 0x31, 0x2f, 0x63, 0x6f, 0x6e, 0x76, 0x32, 0x5f, 0x31,
  0x2f, 0x53, 0x71, 0x75, 0x65, 0x65, 0x7a, 0x65, 0x00, 0x00, 0x00, 0x00,
  0x03, 0x00, 0x00, 0x00, 0x01, 0x00, 0x00, 0x00, 0x5d, 0x00, 0x00, 0x00,
  0x20, 0x00, 0x00, 0x00, 0x6e, 0xe3, 0xff, 0xff, 0x00, 0x00, 0x00, 0x01,
  0x18, 0x00, 0x00, 0x00, 0x28, 0x00, 0x00, 0x00, 0x48, 0x00, 0x00, 0x00,
  0x1a, 0x00, 0x00, 0x00, 0x00, 0x00, 0x00, 0x09, 0xf8, 0x00, 0x00, 0x00,
  0x04, 0x00, 0x00, 0x00, 0xff, 0xff, 0xff, 0xff, 0x01, 0x00, 0x00, 0x00,
  0x5d, 0x00, 0x00, 0x00, 0x20, 0x00, 0x00, 0x00, 0x5c, 0xe3, 0xff, 0xff,
  0x08, 0x00, 0x00, 0x00, 0x14, 0x00, 0x00, 0x00, 0x01, 0x00, 0x00, 0x00,
  0x80, 0xff, 0xff, 0xff, 0xff, 0xff, 0xff, 0xff, 0x00, 0x00, 0x00, 0x00,
  0x01, 0x00, 0x00, 0x00, 0xba, 0x02, 0xc9, 0x3c, 0xb7, 0x00, 0x00, 0x00,
  0x73, 0x63, 0x72, 0x61, 0x74, 0x63, 0x68, 0x5f, 0x65, 0x63, 0x67, 0x5f,
  0x63, 0x6e, 0x6e, 0x5f, 0x31, 0x2f, 0x72, 0x65, 0x6c, 0x75, 0x32, 0x5f,
  0x31, 0x2f, 0x52, 0x65, 0x6c, 0x75, 0x3b, 0x73, 0x63, 0x72, 0x61, 0x74,
  0x63, 0x68, 0x5f, 0x65, 0x63, 0x67, 0x5f, 0x63, 0x6e, 0x6e, 0x5f, 0x31,
  0x2f, 0x63, 0x6f, 0x6e, 0x76, 0x32, 0x5f, 0x31, 0x2f, 0x42, 0x69, 0x61,
  0x73, 0x41, 0x64, 0x64, 0x3b, 0x73, 0x63, 0x72, 0x61, 0x74, 0x63, 0x68,
  0x5f, 0x65, 0x63, 0x67, 0x5f, 0x63, 0x6e, 0x6e, 0x5f, 0x31, 0x2f, 0x63,
  0x6f, 0x6e, 0x76, 0x32, 0x5f, 0x31, 0x2f, 0x63, 0x6f, 0x6e, 0x76, 0x6f,
  0x6c, 0x75, 0x74, 0x69, 0x6f, 0x6e, 0x2f, 0x53, 0x71, 0x75, 0x65, 0x65,
  0x7a, 0x65, 0x3b, 0x73, 0x63, 0x72, 0x61, 0x74, 0x63, 0x68, 0x5f, 0x65,
  0x63, 0x67, 0x5f, 0x63, 0x6e, 0x6e, 0x5f, 0x31, 0x2f, 0x63, 0x6f, 0x6e,
  0x76, 0x32, 0x5f, 0x31, 0x2f, 0x53, 0x71, 0x75, 0x65, 0x65, 0x7a, 0x65,
  0x3b, 0x73, 0x63, 0x72, 0x61, 0x74, 0x63, 0x68, 0x5f, 0x65, 0x63, 0x67,
  0x5f, 0x63, 0x6e, 0x6e, 0x5f, 0x31, 0x2f, 0x63, 0x6f, 0x6e, 0x76, 0x32,
  0x5f, 0x31, 0x2f, 0x63, 0x6f, 0x6e, 0x76, 0x6f, 0x6c, 0x75, 0x74, 0x69,
  0x6f, 0x6e, 0x31, 0x00, 0x04, 0x00, 0x00, 0x00, 0x01, 0x00, 0x00, 0x00,
  0x01, 0x00, 0x00, 0x00, 0x5d, 0x00, 0x00, 0x00, 0x20, 0x00, 0x00, 0x00,
  0x96, 0xe4, 0xff, 0xff, 0x00, 0x00, 0x00, 0x01, 0x18, 0x00, 0x00, 0x00,
  0x28, 0x00, 0x00, 0x00, 0x48, 0x00, 0x00, 0x00, 0x19, 0x00, 0x00, 0x00,
  0x00, 0x00, 0x00, 0x09, 0x74, 0x00, 0x00, 0x00, 0x04, 0x00, 0x00, 0x00,
  0xff, 0xff, 0xff, 0xff, 0x01, 0x00, 0x00, 0x00, 0x5d, 0x00, 0x00, 0x00,
  0x10, 0x00, 0x00, 0x00, 0x84, 0xe4, 0xff, 0xff, 0x08, 0x00, 0x00, 0x00,
  0x14, 0x00, 0x00, 0x00, 0x01, 0x00, 0x00, 0x00, 0x80, 0xff, 0xff, 0xff,
  0xff, 0xff, 0xff, 0xff, 0x00, 0x00, 0x00, 0x00, 0x01, 0x00, 0x00, 0x00,
  0x54, 0x45, 0x0a, 0x3c, 0x30, 0x00, 0x00, 0x00, 0x73, 0x63, 0x72, 0x61,
  0x74, 0x63, 0x68, 0x5f, 0x65, 0x63, 0x67, 0x5f, 0x63, 0x6e, 0x6e, 0x5f,
  0x31, 0x2f, 0x63, 0x6f, 0x6e, 0x76, 0x32, 0x5f, 0x31, 0x2f, 0x63, 0x6f,
  0x6e, 0x76, 0x6f, 0x6c, 0x75, 0x74, 0x69, 0x6f, 0x6e, 0x2f, 0x45, 0x78,
  0x70, 0x61, 0x6e, 0x64, 0x44, 0x69, 0x6d, 0x73, 0x00, 0x00, 0x00, 0x00,
  0x04, 0x00, 0x00, 0x00, 0x01, 0x00, 0x00, 0x00, 0x01, 0x00, 0x00, 0x00,
  0x5d, 0x00, 0x00, 0x00, 0x10, 0x00, 0x00, 0x00, 0x3a, 0xe5, 0xff, 0xff,
  0x00, 0x00, 0x00, 0x01, 0x18, 0x00, 0x00, 0x00, 0x24, 0x00, 0x00, 0x00,
  0x40, 0x00, 0x00, 0x00, 0x18, 0x00, 0x00, 0x00, 0x00, 0x00, 0x00, 0x09,
  0x68, 0x00, 0x00, 0x00, 0x03, 0x00, 0x00, 0x00, 0xff, 0xff, 0xff, 0xff,
  0x5d, 0x00, 0x00, 0x00, 0x10, 0x00, 0x00, 0x00, 0x24, 0xe5, 0xff, 0xff,
  0x08, 0x00, 0x00, 0x00, 0x10, 0x00, 0x00, 0x00, 0x01, 0x00, 0x00, 0x00,
  0x80, 0xff, 0xff, 0xff, 0xff, 0xff, 0xff, 0xff, 0x01, 0x00, 0x00, 0x00,
  0x54, 0x45, 0x0a, 0x3c, 0x2c, 0x00, 0x00, 0x00, 0x73, 0x63, 0x72, 0x61,
  0x74, 0x63, 0x68, 0x5f, 0x65, 0x63, 0x67, 0x5f, 0x63, 0x6e, 0x6e, 0x5f,
  0x31, 0x2f, 0x70, 0x6f, 0x6f, 0x6c, 0x31, 0x5f, 0x31, 0x2f, 0x4d, 0x61,
  0x78, 0x50, 0x6f, 0x6f, 0x6c, 0x31, 0x64, 0x2f, 0x53, 0x71, 0x75, 0x65,
  0x65, 0x7a, 0x65, 0x31, 0x00, 0x00, 0x00, 0x00, 0x03, 0x00, 0x00, 0x00,
  0x01, 0x00, 0x00, 0x00, 0x5d, 0x00, 0x00, 0x00, 0x10, 0x00, 0x00, 0x00,
  0xce, 0xe5, 0xff, 0xff, 0x00, 0x00, 0x00, 0x01, 0x18, 0x00, 0x00, 0x00,
  0x28, 0x00, 0x00, 0x00, 0x44, 0x00, 0x00, 0x00, 0x17, 0x00, 0x00, 0x00,
  0x00, 0x00, 0x00, 0x09, 0x60, 0x00, 0x00, 0x00, 0x04, 0x00, 0x00, 0x00,
  0xff, 0xff, 0xff, 0xff, 0x01, 0x00, 0x00, 0x00, 0x5d, 0x00, 0x00, 0x00,
  0x10, 0x00, 0x00, 0x00, 0xbc, 0xe5, 0xff, 0xff, 0x08, 0x00, 0x00, 0x00,
  0x10, 0x00, 0x00, 0x00, 0x01, 0x00, 0x00, 0x00, 0x80, 0xff, 0xff, 0xff,
  0xff, 0xff, 0xff, 0xff, 0x01, 0x00, 0x00, 0x00, 0x54, 0x45, 0x0a, 0x3c,
  0x23, 0x00, 0x00, 0x00, 0x73, 0x63, 0x72, 0x61, 0x74, 0x63, 0x68, 0x5f,
  0x65, 0x63, 0x67, 0x5f, 0x63, 0x6e, 0x6e, 0x5f, 0x31, 0x2f, 0x70, 0x6f,
  0x6f, 0x6c, 0x31, 0x5f, 0x31, 0x2f, 0x4d, 0x61, 0x78, 0x50, 0x6f, 0x6f,
  0x6c, 0x31, 0x64, 0x00, 0x04, 0x00, 0x00, 0x00, 0x01, 0x00, 0x00, 0x00,
  0x01, 0x00, 0x00, 0x00, 0x5d, 0x00, 0x00, 0x00, 0x10, 0x00, 0x00, 0x00,
  0x5e, 0xe6, 0xff, 0xff, 0x00, 0x00, 0x00, 0x01, 0x18, 0x00, 0x00, 0x00,
  0x28, 0x00, 0x00, 0x00, 0x44, 0x00, 0x00, 0x00, 0x16, 0x00, 0x00, 0x00,
  0x00, 0x00, 0x00, 0x09, 0x6c, 0x00, 0x00, 0x00, 0x04, 0x00, 0x00, 0x00,
  0xff, 0xff, 0xff, 0xff, 0x01, 0x00, 0x00, 0x00, 0xbb, 0x00, 0x00, 0x00,
  0x10, 0x00, 0x00, 0x00, 0x4c, 0xe6, 0xff, 0xff, 0x08, 0x00, 0x00, 0x00,
  0x10, 0x00, 0x00, 0x00, 0x01, 0x00, 0x00, 0x00, 0x80, 0xff, 0xff, 0xff,
  0xff, 0xff, 0xff, 0xff, 0x01, 0x00, 0x00, 0x00, 0x54, 0x45, 0x0a, 0x3c,
  0x2e, 0x00, 0x00, 0x00, 0x73, 0x63, 0x72, 0x61, 0x74, 0x63, 0x68, 0x5f,
  0x65, 0x63, 0x67, 0x5f, 0x63, 0x6e, 0x6e, 0x5f, 0x31, 0x2f, 0x70, 0x6f,
  0x6f, 0x6c, 0x31, 0x5f, 0x31, 0x2f, 0x4d, 0x61, 0x78, 0x50, 0x6f, 0x6f,
  0x6c, 0x31, 0x64, 0x2f, 0x45, 0x78, 0x70, 0x61, 0x6e, 0x64, 0x44, 0x69,
  0x6d, 0x73, 0x00, 0x00, 0x04, 0x00, 0x00, 0x00, 0x01, 0x00, 0x00, 0x00,
  0x01, 0x00, 0x00, 0x00, 0xbb, 0x00, 0x00, 0x00, 0x10, 0x00, 0x00, 0x00,
  0xfa, 0xe6, 0xff, 0xff, 0x00, 0x00, 0x00, 0x01, 0x18, 0x00, 0x00, 0x00,
  0x24, 0x00, 0x00, 0x00, 0x44, 0x00, 0x00, 0x00, 0x15, 0x00, 0x00, 0x00,
  0x00, 0x00, 0x00, 0x09, 0xd0, 0x00, 0x00, 0x00, 0x03, 0x00, 0x00, 0x00,
  0xff, 0xff, 0xff, 0xff, 0xbb, 0x00, 0x00, 0x00, 0x10, 0x00, 0x00, 0x00,
  0xe4, 0xe6, 0xff, 0xff, 0x08, 0x00, 0x00, 0x00, 0x14, 0x00, 0x00, 0x00,
  0x01, 0x00, 0x00, 0x00, 0x80, 0xff, 0xff, 0xff, 0xff, 0xff, 0xff, 0xff,
  0x00, 0x00, 0x00, 0x00, 0x01, 0x00, 0x00, 0x00, 0x54, 0x45, 0x0a, 0x3c,
  0x90, 0x00, 0x00, 0x00, 0x73, 0x63, 0x72, 0x61, 0x74, 0x63, 0x68, 0x5f,
  0x65, 0x63, 0x67, 0x5f, 0x63, 0x6e, 0x6e, 0x5f, 0x31, 0x2f, 0x72, 0x65,
  0x6c, 0x75, 0x31, 0x5f, 0x31, 0x2f, 0x52, 0x65, 0x6c, 0x75, 0x3b, 0x73,
  0x63, 0x72, 0x61, 0x74, 0x63, 0x68, 0x5f, 0x65, 0x63, 0x67, 0x5f, 0x63,
  0x6e, 0x6e, 0x5f, 0x31, 0x2f, 0x63, 0x6f, 0x6e, 0x76, 0x31, 0x5f, 0x31,
  0x2f, 0x42, 0x69, 0x61, 0x73, 0x41, 0x64, 0x64, 0x3b, 0x73, 0x63, 0x72,
  0x61, 0x74, 0x63, 0x68, 0x5f, 0x65, 0x63, 0x67, 0x5f, 0x63, 0x6e, 0x6e,
  0x5f, 0x31, 0x2f, 0x63, 0x6f, 0x6e, 0x76, 0x31, 0x5f, 0x31, 0x2f, 0x63,
  0x6f, 0x6e, 0x76, 0x6f, 0x6c, 0x75, 0x74, 0x69, 0x6f, 0x6e, 0x2f, 0x53,
  0x71, 0x75, 0x65, 0x65, 0x7a, 0x65, 0x3b, 0x73, 0x63, 0x72, 0x61, 0x74,
  0x63, 0x68, 0x5f, 0x65, 0x63, 0x67, 0x5f, 0x63, 0x6e, 0x6e, 0x5f, 0x31,
  0x2f, 0x63, 0x6f, 0x6e, 0x76, 0x31, 0x5f, 0x31, 0x2f, 0x53, 0x71, 0x75,
  0x65, 0x65, 0x7a, 0x65, 0x00, 0x00, 0x00, 0x00, 0x03, 0x00, 0x00, 0x00,
  0x01, 0x00, 0x00, 0x00, 0xbb, 0x00, 0x00, 0x00, 0x10, 0x00, 0x00, 0x00,
  0xf6, 0xe7, 0xff, 0xff, 0x00, 0x00, 0x00, 0x01, 0x18, 0x00, 0x00, 0x00,
  0x28, 0x00, 0x00, 0x00, 0x48, 0x00, 0x00, 0x00, 0x14, 0x00, 0x00, 0x00,
  0x00, 0x00, 0x00, 0x09, 0xf8, 0x00, 0x00, 0x00, 0x04, 0x00, 0x00, 0x00,
  0xff, 0xff, 0xff, 0xff, 0x01, 0x00, 0x00, 0x00, 0xbb, 0x00, 0x00, 0x00,
  0x10, 0x00, 0x00, 0x00, 0xe4, 0xe7, 0xff, 0xff, 0x08, 0x00, 0x00, 0x00,
  0x14, 0x00, 0x00, 0x00, 0x01, 0x00, 0x00, 0x00, 0x80, 0xff, 0xff, 0xff,
  0xff, 0xff, 0xff, 0xff, 0x00, 0x00, 0x00, 0x00, 0x01, 0x00, 0x00, 0x00,
  0x54, 0x45, 0x0a, 0x3c, 0xb7, 0x00, 0x00, 0x00, 0x73, 0x63, 0x72, 0x61,
  0x74, 0x63, 0x68, 0x5f, 0x65, 0x63, 0x67, 0x5f, 0x63, 0x6e, 0x6e, 0x5f,
  0x31, 0x2f, 0x72, 0x65, 0x6c, 0x75, 0x31, 0x5f, 0x31, 0x2f, 0x52, 0x65,
  0x6c, 0x75, 0x3b, 0x73, 0x63, 0x72, 0x61, 0x74, 0x63, 0x68, 0x5f, 0x65,
  0x63, 0x67, 0x5f, 0x63, 0x6e, 0x6e, 0x5f, 0x31, 0x2f, 0x63, 0x6f, 0x6e,
  0x76, 0x31, 0x5f, 0x31, 0x2f, 0x42, 0x69, 0x61, 0x73, 0x41, 0x64, 0x64,
  0x3b, 0x73, 0x63, 0x72, 0x61, 0x74, 0x63, 0x68, 0x5f, 0x65, 0x63, 0x67,
  0x5f, 0x63, 0x6e, 0x6e, 0x5f, 0x31, 0x2f, 0x63, 0x6f, 0x6e, 0x76, 0x31,
  0x5f, 0x31, 0x2f, 0x63, 0x6f, 0x6e, 0x76, 0x6f, 0x6c, 0x75, 0x74, 0x69,
  0x6f, 0x6e, 0x2f, 0x53, 0x71, 0x75, 0x65, 0x65, 0x7a, 0x65, 0x3b, 0x73,
  0x63, 0x72, 0x61, 0x74, 0x63, 0x68, 0x5f, 0x65, 0x63, 0x67, 0x5f, 0x63,
  0x6e, 0x6e, 0x5f, 0x31, 0x2f, 0x63, 0x6f, 0x6e, 0x76, 0x31, 0x5f, 0x31,
  0x2f, 0x53, 0x71, 0x75, 0x65, 0x65, 0x7a, 0x65, 0x3b, 0x73, 0x63, 0x72,
  0x61, 0x74, 0x63, 0x68, 0x5f, 0x65, 0x63, 0x67, 0x5f, 0x63, 0x6e, 0x6e,
  0x5f, 0x31, 0x2f, 0x63, 0x6f, 0x6e, 0x76, 0x31, 0x5f, 0x31, 0x2f, 0x63,
  0x6f, 0x6e, 0x76, 0x6f, 0x6c, 0x75, 0x74, 0x69, 0x6f, 0x6e, 0x31, 0x00,
  0x04, 0x00, 0x00, 0x00, 0x01, 0x00, 0x00, 0x00, 0x01, 0x00, 0x00, 0x00,
  0xbb, 0x00, 0x00, 0x00, 0x10, 0x00, 0x00, 0x00, 0x1e, 0xe9, 0xff, 0xff,
  0x00, 0x00, 0x00, 0x01, 0x18, 0x00, 0x00, 0x00, 0x28, 0x00, 0x00, 0x00,
  0x44, 0x00, 0x00, 0x00, 0x13, 0x00, 0x00, 0x00, 0x00, 0x00, 0x00, 0x09,
  0x70, 0x00, 0x00, 0x00, 0x04, 0x00, 0x00, 0x00, 0xff, 0xff, 0xff, 0xff,
  0x01, 0x00, 0x00, 0x00, 0xbb, 0x00, 0x00, 0x00, 0x01, 0x00, 0x00, 0x00,
  0x0c, 0xe9, 0xff, 0xff, 0x08, 0x00, 0x00, 0x00, 0x10, 0x00, 0x00, 0x00,
  0x01, 0x00, 0x00, 0x00, 0x80, 0xff, 0xff, 0xff, 0xff, 0xff, 0xff, 0xff,
  0x01, 0x00, 0x00, 0x00, 0x81, 0x80, 0x80, 0x3b, 0x30, 0x00, 0x00, 0x00,
  0x73, 0x63, 0x72, 0x61, 0x74, 0x63, 0x68, 0x5f, 0x65, 0x63, 0x67, 0x5f,
  0x63, 0x6e, 0x6e, 0x5f, 0x31, 0x2f, 0x63, 0x6f, 0x6e, 0x76, 0x31, 0x5f,
  0x31, 0x2f, 0x63, 0x6f, 0x6e, 0x76, 0x6f, 0x6c, 0x75, 0x74, 0x69, 0x6f,
  0x6e, 0x2f, 0x45, 0x78, 0x70, 0x61, 0x6e, 0x64, 0x44, 0x69, 0x6d, 0x73,
  0x00, 0x00, 0x00, 0x00, 0x04, 0x00, 0x00, 0x00, 0x01, 0x00, 0x00, 0x00,
  0x01, 0x00, 0x00, 0x00, 0xbb, 0x00, 0x00, 0x00, 0x01, 0x00, 0x00, 0x00,
  0x12, 0xea, 0xff, 0xff, 0x00, 0x00, 0x00, 0x01, 0x14, 0x00, 0x00, 0x00,
  0xe4, 0x00, 0x00, 0x00, 0x12, 0x00, 0x00, 0x00, 0x00, 0x00, 0x00, 0x09,
  0x04, 0x01, 0x00, 0x00, 0x94, 0xe9, 0xff, 0xff, 0x08, 0x00, 0x00, 0x00,
  0x88, 0x00, 0x00, 0x00, 0x10, 0x00, 0x00, 0x00, 0x00, 0x00, 0x00, 0x00,
  0x00, 0x00, 0x00, 0x00, 0x00, 0x00, 0x00, 0x00, 0x00, 0x00, 0x00, 0x00,
  0x00, 0x00, 0x00, 0x00, 0x00, 0x00, 0x00, 0x00, 0x00, 0x00, 0x00, 0x00,
  0x00, 0x00, 0x00, 0x00, 0x00, 0x00, 0x00, 0x00, 0x00, 0x00, 0x00, 0x00,
  0x00, 0x00, 0x00, 0x00, 0x00, 0x00, 0x00, 0x00, 0x00, 0x00, 0x00, 0x00,
  0x00, 0x00, 0x00, 0x00, 0x00, 0x00, 0x00, 0x00, 0x00, 0x00, 0x00, 0x00,
  0x00, 0x00, 0x00, 0x00, 0x00, 0x00, 0x00, 0x00, 0x00, 0x00, 0x00, 0x00,
  0x00, 0x00, 0x00, 0x00, 0x00, 0x00, 0x00, 0x00, 0x00, 0x00, 0x00, 0x00,
  0x00, 0x00, 0x00, 0x00, 0x00, 0x00, 0x00, 0x00, 0x00, 0x00, 0x00, 0x00,
  0x00, 0x00, 0x00, 0x00, 0x00, 0x00, 0x00, 0x00, 0x00, 0x00, 0x00, 0x00,
  0x00, 0x00, 0x00, 0x00, 0x00, 0x00, 0x00, 0x00, 0x00, 0x00, 0x00, 0x00,
  0x00, 0x00, 0x00, 0x00, 0x10, 0x00, 0x00, 0x00, 0xed, 0x7a, 0xed, 0x3b,
  0xc7, 0xd5, 0x15, 0x3c, 0xce, 0x27, 0x11, 0x3c, 0x28, 0x4d, 0x85, 0x3c,
  0xf2, 0xa3, 0x28, 0x3c, 0xc9, 0x36, 0x83, 0x3c, 0x03, 0x3f, 0x11, 0x3c,
  0x72, 0x4a, 0x22, 0x3c, 0x32, 0x5a, 0xe7, 0x3b, 0xcd, 0x16, 0xc6, 0x3b,
  0x69, 0xfd, 0x48, 0x3c, 0x41, 0x22, 0x53, 0x3c, 0xd9, 0xfc, 0xba, 0x3b,
  0x49, 0xe4, 0xe7, 0x3b, 0x3f, 0x30, 0x9d, 0x3c, 0x1e, 0x44, 0x22, 0x3c,
  0x25, 0x00, 0x00, 0x00, 0x73, 0x63, 0x72, 0x61, 0x74, 0x63, 0x68, 0x5f,
  0x65, 0x63, 0x67, 0x5f, 0x63, 0x6e, 0x6e, 0x5f, 0x31, 0x2f, 0x63, 0x6f,
  0x6e, 0x76, 0x31, 0x5f, 0x31, 0x2f, 0x63, 0x6f, 0x6e, 0x76, 0x6f, 0x6c,
  0x75, 0x74, 0x69, 0x6f, 0x6e, 0x00, 0x00, 0x00, 0x04, 0x00, 0x00, 0x00,
  0x10, 0x00, 0x00, 0x00, 0x01, 0x00, 0x00, 0x00, 0x07, 0x00, 0x00, 0x00,
  0x01, 0x00, 0x00, 0x00, 0x42, 0xeb, 0xff, 0xff, 0x00, 0x00, 0x00, 0x01,
  0x14, 0x00, 0x00, 0x00, 0xe8, 0x00, 0x00, 0x00, 0x11, 0x00, 0x00, 0x00,
  0x00, 0x00, 0x00, 0x02, 0x98, 0x01, 0x00, 0x00, 0xc4, 0xea, 0xff, 0xff,
  0x08, 0x00, 0x00, 0x00, 0x8c, 0x00, 0x00, 0x00, 0x10, 0x00, 0x00, 0x00,
  0x00, 0x00, 0x00, 0x00, 0x00, 0x00, 0x00, 0x00, 0x00, 0x00, 0x00, 0x00,
  0x00, 0x00, 0x00, 0x00, 0x00, 0x00, 0x00, 0x00, 0x00, 0x00, 0x00, 0x00,
  0x00, 0x00, 0x00, 0x00, 0x00, 0x00, 0x00, 0x00, 0x00, 0x00, 0x00, 0x00,
  0x00, 0x00, 0x00, 0x00, 0x00, 0x00, 0x00, 0x00, 0x00, 0x00, 0x00, 0x00,
  0x00, 0x00, 0x00, 0x00, 0x00, 0x00, 0x00, 0x00, 0x00, 0x00, 0x00, 0x00,
  0x00, 0x00, 0x00, 0x00, 0x00, 0x00, 0x00, 0x00, 0x00, 0x00, 0x00, 0x00,
  0x00, 0x00, 0x00, 0x00, 0x00, 0x00, 0x00, 0x00, 0x00, 0x00, 0x00, 0x00,
  0x00, 0x00, 0x00, 0x00, 0x00, 0x00, 0x00, 0x00, 0x00, 0x00, 0x00, 0x00,
  0x00, 0x00, 0x00, 0x00, 0x00, 0x00, 0x00, 0x00, 0x00, 0x00, 0x00, 0x00,
  0x00, 0x00, 0x00, 0x00, 0x00, 0x00, 0x00, 0x00, 0x00, 0x00, 0x00, 0x00,
  0x00, 0x00, 0x00, 0x00, 0x00, 0x00, 0x00, 0x00, 0x00, 0x00, 0x00, 0x00,
  0x10, 0x00, 0x00, 0x00, 0x57, 0x69, 0xee, 0x37, 0x34, 0x6c, 0x16, 0x38,
  0x88, 0xb9, 0x11, 0x38, 0xfb, 0xd2, 0x85, 0x38, 0x40, 0x4d, 0x29, 0x38,
  0x84, 0xba, 0x83, 0x38, 0xd4, 0xd0, 0x11, 0x38, 0x60, 0xed, 0x22, 0x38,
  0x75, 0x42, 0xe8, 0x37, 0xab, 0xdd, 0xc6, 0x37, 0x31, 0xc7, 0x49, 0x38,
  0x38, 0xf6, 0x53, 0x38, 0x92, 0xb8, 0xbb, 0x37, 0x17, 0xcd, 0xe8, 0x37,
  0x0e, 0xce, 0x9d, 0x38, 0x06, 0xe7, 0x22, 0x38, 0xb6, 0x00, 0x00, 0x00,
  0x73, 0x63, 0x72, 0x61, 0x74, 0x63, 0x68, 0x5f, 0x65, 0x63, 0x67, 0x5f,
  0x63, 0x6e, 0x6e, 0x5f, 0x31, 0x2f, 0x72, 0x65, 0x6c, 0x75, 0x31, 0x5f,
  0x31, 0x2f, 0x52, 0x65, 0x6c, 0x75, 0x3b, 0x73, 0x63, 0x72, 0x61, 0x74,
  0x63, 0x68, 0x5f, 0x65, 0x63, 0x67, 0x5f, 0x63, 0x6e, 0x6e, 0x5f, 0x31,
  0x2f, 0x63, 0x6f, 0x6e, 0x76, 0x31, 0x5f, 0x31, 0x2f, 0x42, 0x69, 0x61,
  0x73, 0x41, 0x64, 0x64, 0x3b, 0x73, 0x63, 0x72, 0x61, 0x74, 0x63, 0x68,
  0x5f, 0x65, 0x63, 0x67, 0x5f, 0x63, 0x6e, 0x6e, 0x5f, 0x31, 0x2f, 0x63,
  0x6f, 0x6e, 0x76, 0x31, 0x5f, 0x31, 0x2f, 0x63, 0x6f, 0x6e, 0x76, 0x6f,
  0x6c, 0x75, 0x74, 0x69, 0x6f, 0x6e, 0x2f, 0x53, 0x71, 0x75, 0x65, 0x65,
  0x7a, 0x65, 0x3b, 0x73, 0x63, 0x72, 0x61, 0x74, 0x63, 0x68, 0x5f, 0x65,
  0x63, 0x67, 0x5f, 0x63, 0x6e, 0x6e, 0x5f, 0x31, 0x2f, 0x63, 0x6f, 0x6e,
  0x76, 0x31, 0x5f, 0x31, 0x2f, 0x53, 0x71, 0x75, 0x65, 0x65, 0x7a, 0x65,
  0x3b, 0x73, 0x63, 0x72, 0x61, 0x74, 0x63, 0x68, 0x5f, 0x65, 0x63, 0x67,
  0x5f, 0x63, 0x6e, 0x6e, 0x5f, 0x31, 0x2f, 0x63, 0x6f, 0x6e, 0x76, 0x31,
  0x5f, 0x31, 0x2f, 0x63, 0x6f, 0x6e, 0x76, 0x6f, 0x6c, 0x75, 0x74, 0x69,
  0x6f, 0x6e, 0x00, 0x00, 0x01, 0x00, 0x00, 0x00, 0x10, 0x00, 0x00, 0x00,
  0xfa, 0xec, 0xff, 0xff, 0x00, 0x00, 0x00, 0x01, 0x14, 0x00, 0x00, 0x00,
  0xa4, 0x01, 0x00, 0x00, 0x10, 0x00, 0x00, 0x00, 0x00, 0x00, 0x00, 0x09,
  0xc4, 0x01, 0x00, 0x00, 0x7c, 0xec, 0xff, 0xff, 0x08, 0x00, 0x00, 0x00,
  0x08, 0x01, 0x00, 0x00, 0x20, 0x00, 0x00, 0x00, 0x00, 0x00, 0x00, 0x00,
  0x00, 0x00, 0x00, 0x00, 0x00, 0x00, 0x00, 0x00, 0x00, 0x00, 0x00, 0x00,
  0x00, 0x00, 0x00, 0x00, 0x00, 0x00, 0x00, 0x00, 0x00, 0x00, 0x00, 0x00,
  0x00, 0x00, 0x00, 0x00, 0x00, 0x00, 0x00, 0x00, 0x00, 0x00, 0x00, 0x00,
  0x00, 0x00, 0x00, 0x00, 0x00, 0x00, 0x00, 0x00, 0x00, 0x00, 0x00, 0x00,
  0x00, 0x00, 0x00, 0x00, 0x00, 0x00, 0x00, 0x00, 0x00, 0x00, 0x00, 0x00,
  0x00, 0x00, 0x00, 0x00, 0x00, 0x00, 0x00, 0x00, 0x00, 0x00, 0x00, 0x00,
  0x00, 0x00, 0x00, 0x00, 0x00, 0x00, 0x00, 0x00, 0x00, 0x00, 0x00, 0x00,
  0x00, 0x00, 0x00, 0x00, 0x00, 0x00, 0x00, 0x00, 0x00, 0x00, 0x00, 0x00,
  0x00, 0x00, 0x00, 0x00, 0x00, 0x00, 0x00, 0x00, 0x00, 0x00, 0x00, 0x00,
  0x00, 0x00, 0x00, 0x00, 0x00, 0x00, 0x00, 0x00, 0x00, 0x00, 0x00, 0x00,
  0x00, 0x00, 0x00, 0x00, 0x00, 0x00, 0x00, 0x00, 0x00, 0x00, 0x00, 0x00,
  0x00, 0x00, 0x00, 0x00, 0x00, 0x00, 0x00, 0x00, 0x00, 0x00, 0x00, 0x00,
  0x00, 0x00, 0x00, 0x00, 0x00, 0x00, 0x00, 0x00, 0x00, 0x00, 0x00, 0x00,
  0x00, 0x00, 0x00, 0x00, 0x00, 0x00, 0x00, 0x00, 0x00, 0x00, 0x00, 0x00,
  0x00, 0x00, 0x00, 0x00, 0x00, 0x00, 0x00, 0x00, 0x00, 0x00, 0x00, 0x00,
  0x00, 0x00, 0x00, 0x00, 0x00, 0x00, 0x00, 0x00, 0x00, 0x00, 0x00, 0x00,
  0x00, 0x00, 0x00, 0x00, 0x00, 0x00, 0x00, 0x00, 0x00, 0x00, 0x00, 0x00,
  0x00, 0x00, 0x00, 0x00, 0x00, 0x00, 0x00, 0x00, 0x00, 0x00, 0x00, 0x00,
  0x00, 0x00, 0x00, 0x00, 0x00, 0x00, 0x00, 0x00, 0x00, 0x00, 0x00, 0x00,
  0x00, 0x00, 0x00, 0x00, 0x00, 0x00, 0x00, 0x00, 0x00, 0x00, 0x00, 0x00,
  0x00, 0x00, 0x00, 0x00, 0x00, 0x00, 0x00, 0x00, 0x00, 0x00, 0x00, 0x00,
  0x20, 0x00, 0x00, 0x00, 0x57, 0xc3, 0xa5, 0x3b, 0x92, 0xed, 0x54, 0x3c,
  0x84, 0x02, 0xbb, 0x3b, 0x6f, 0xe9, 0x08, 0x3c, 0xa0, 0x87, 0x3e, 0x3c,
  0xe2, 0xb3, 0x1c, 0x3c, 0x73, 0xa0, 0x83, 0x3c, 0xfa, 0x09, 0x45, 0x3c,
  0xfa, 0xcc, 0x07, 0x3c, 0x32, 0x5b, 0xdf, 0x3b, 0x04, 0xb2, 0xe5, 0x3b,
  0x26, 0x65, 0x05, 0x3c, 0xef, 0x1f, 0x12, 0x3c, 0x43, 0x2f, 0xed, 0x3b,
  0xfa, 0x7b, 0x37, 0x3c, 0x99, 0x89, 0x75, 0x3c, 0x51, 0x64, 0xf1, 0x3b,
  0x0c, 0x14, 0x5a, 0x3c, 0xf8, 0x60, 0x10, 0x3c, 0x03, 0x67, 0x99, 0x3b,
  0xa7, 0x0a, 0xa9, 0x3b, 0xb4, 0xd9, 0x18, 0x3c, 0x7a, 0x7f, 0x46, 0x3c,
  0x08, 0x66, 0x1b, 0x3c, 0x20, 0xbb, 0x1e, 0x3c, 0x14, 0xdc, 0x0f, 0x3c,
  0x03, 0x95, 0x84, 0x3c, 0x45, 0x6f, 0x00, 0x3c, 0x7a, 0x4f, 0x0a, 0x3c,
  0xec, 0x50, 0x5f, 0x3c, 0x04, 0xba, 0x5d, 0x3c, 0x42, 0xaa, 0xc9, 0x3b,
  0x25, 0x00, 0x00, 0x00, 0x73, 0x63, 0x72, 0x61, 0x74, 0x63, 0x68, 0x5f,
  0x65, 0x63, 0x67, 0x5f, 0x63, 0x6e, 0x6e, 0x5f, 0x31, 0x2f, 0x63, 0x6f,
  0x6e, 0x76, 0x32, 0x5f, 0x31, 0x2f, 0x63, 0x6f, 0x6e, 0x76, 0x6f, 0x6c,
  0x75, 0x74, 0x69, 0x6f, 0x6e, 0x00, 0x00, 0x00, 0x04, 0x00, 0x00, 0x00,
  0x20, 0x00, 0x00, 0x00, 0x01, 0x00, 0x00, 0x00, 0x05, 0x00, 0x00, 0x00,
  0x10, 0x00, 0x00, 0x00, 0xea, 0xee, 0xff, 0xff, 0x00, 0x00, 0x00, 0x01,
  0x14, 0x00, 0x00, 0x00, 0xa8, 0x01, 0x00, 0x00, 0x0f, 0x00, 0x00, 0x00,
  0x00, 0x00, 0x00, 0x02, 0x58, 0x02, 0x00, 0x00, 0x6c, 0xee, 0xff, 0xff,
  0x08, 0x00, 0x00, 0x00, 0x0c, 0x01, 0x00, 0x00, 0x20, 0x00, 0x00, 0x00,
  0x00, 0x00, 0x00, 0x00, 0x00, 0x00, 0x00, 0x00, 0x00, 0x00, 0x00, 0x00,
  0x00, 0x00, 0x00, 0x00, 0x00, 0x00, 0x00, 0x00, 0x00, 0x00, 0x00, 0x00,
  0x00, 0x00, 0x00, 0x00, 0x00, 0x00, 0x00, 0x00, 0x00, 0x00, 0x00, 0x00,
  0x00, 0x00, 0x00, 0x00, 0x00, 0x00, 0x00, 0x00, 0x00, 0x00, 0x00, 0x00,
  0x00, 0x00, 0x00, 0x00, 0x00, 0x00, 0x00, 0x00, 0x00, 0x00, 0x00, 0x00,
  0x00, 0x00, 0x00, 0x00, 0x00, 0x00, 0x00, 0x00, 0x00, 0x00, 0x00, 0x00,
  0x00, 0x00, 0x00, 0x00, 0x00, 0x00, 0x00, 0x00, 0x00, 0x00, 0x00, 0x00,
  0x00, 0x00, 0x00, 0x00, 0x00, 0x00, 0x00, 0x00, 0x00, 0x00, 0x00, 0x00,
  0x00, 0x00, 0x00, 0x00, 0x00, 0x00, 0x00, 0x00, 0x00, 0x00, 0x00, 0x00,
  0x00, 0x00, 0x00, 0x00, 0x00, 0x00, 0x00, 0x00, 0x00, 0x00, 0x00, 0x00,
  0x00, 0x00, 0x00, 0x00, 0x00, 0x00, 0x00, 0x00, 0x00, 0x00, 0x00, 0x00,
  0x00, 0x00, 0x00, 0x00, 0x00, 0x00, 0x00, 0x00, 0x00, 0x00, 0x00, 0x00,
  0x00, 0x00, 0x00, 0x00, 0x00, 0x00, 0x00, 0x00, 0x00, 0x00, 0x00, 0x00,
  0x00, 0x00, 0x00, 0x00, 0x00, 0x00, 0x00, 0x00, 0x00, 0x00, 0x00, 0x00,
  0x00, 0x00, 0x00, 0x00, 0x00, 0x00, 0x00, 0x00, 0x00, 0x00, 0x00, 0x00,
  0x00, 0x00, 0x00, 0x00, 0x00, 0x00, 0x00, 0x00, 0x00, 0x00, 0x00, 0x00,
  0x00, 0x00, 0x00, 0x00, 0x00, 0x00, 0x00, 0x00, 0x00, 0x00, 0x00, 0x00,
  0x00, 0x00, 0x00, 0x00, 0x00, 0x00, 0x00, 0x00, 0x00, 0x00, 0x00, 0x00,
  0x00, 0x00, 0x00, 0x00, 0x00, 0x00, 0x00, 0x00, 0x00, 0x00, 0x00, 0x00,
  0x00, 0x00, 0x00, 0x00, 0x00, 0x00, 0x00, 0x00, 0x00, 0x00, 0x00, 0x00,
  0x00, 0x00, 0x00, 0x00, 0x00, 0x00, 0x00, 0x00, 0x00, 0x00, 0x00, 0x00,
  0x00, 0x00, 0x00, 0x00, 0x00, 0x00, 0x00, 0x00, 0x20, 0x00, 0x00, 0x00,
  0x62, 0x10, 0x33, 0x38, 0x75, 0x03, 0xe6, 0x38, 0x00, 0x04, 0x4a, 0x38,
  0xd3, 0xe5, 0x93, 0x38, 0x6b, 0xd1, 0xcd, 0x38, 0xcf, 0x46, 0xa9, 0x38,
  0x47, 0x30, 0x0e, 0x39, 0x7a, 0xd9, 0xd4, 0x38, 0x8b, 0xb2, 0x92, 0x38,
  0x4c, 0x47, 0x71, 0x38, 0x55, 0x20, 0x78, 0x38, 0x4d, 0x19, 0x90, 0x38,
  0x93, 0xd9, 0x9d, 0x38, 0xb6, 0x1b, 0x80, 0x38, 0x0b, 0x35, 0xc6, 0x38,
  0xab, 0x9e, 0x04, 0x39, 0x73, 0x61, 0x82, 0x38, 0xbb, 0x93, 0xeb, 0x38,
  0xbe, 0xf6, 0x9b, 0x38, 0x25, 0xb6, 0x25, 0x38, 0x0b, 0x9b, 0x36, 0x38,
  0x80, 0x1d, 0xa5, 0x38, 0xf3, 0x6c, 0xd6, 0x38, 0x2c, 0xde, 0xa7, 0x38,
  0xb8, 0x77, 0xab, 0x38, 0x31, 0x67, 0x9b, 0x38, 0x77, 0x38, 0x0f, 0x39,
  0x87, 0xbd, 0x8a, 0x38, 0x99, 0x68, 0x95, 0x38, 0x33, 0x3c, 0xf1, 0x38,
  0xa4, 0x84, 0xef, 0x38, 0xc9, 0xd8, 0x59, 0x38, 0xb6, 0x00, 0x00, 0x00,
  0x73, 0x63, 0x72, 0x61, 0x74, 0x63, 0x68, 0x5f, 0x65, 0x63, 0x67, 0x5f,
  0x63, 0x6e, 0x6e, 0x5f, 0x31, 0x2f, 0x72, 0x65, 0x6c, 0x75, 0x32, 0x5f,
  0x31, 0x2f, 0x52, 0x65, 0x6c, 0x75, 0x3b, 0x73, 0x63, 0x72, 0x61, 0x74,
  0x63, 0x68, 0x5f, 0x65, 0x63, 0x67, 0x5f, 0x63, 0x6e, 0x6e, 0x5f, 0x31,
  0x2f, 0x63, 0x6f, 0x6e, 0x76, 0x32, 0x5f, 0x31, 0x2f, 0x42, 0x69, 0x61,
  0x73, 0x41, 0x64, 0x64, 0x3b, 0x73, 0x63, 0x72, 0x61, 0x74, 0x63, 0x68,
  0x5f, 0x65, 0x63, 0x67, 0x5f, 0x63, 0x6e, 0x6e, 0x5f, 0x31, 0x2f, 0x63,
  0x6f, 0x6e, 0x76, 0x32, 0x5f, 0x31, 0x2f, 0x63, 0x6f, 0x6e, 0x76, 0x6f,
  0x6c, 0x75, 0x74, 0x69, 0x6f, 0x6e, 0x2f, 0x53, 0x71, 0x75, 0x65, 0x65,
  0x7a, 0x65, 0x3b, 0x73, 0x63, 0x72, 0x61, 0x74, 0x63, 0x68, 0x5f, 0x65,
  0x63, 0x67, 0x5f, 0x63, 0x6e, 0x6e, 0x5f, 0x31, 0x2f, 0x63, 0x6f, 0x6e,
  0x76, 0x32, 0x5f, 0x31, 0x2f, 0x53, 0x71, 0x75, 0x65, 0x65, 0x7a, 0x65,
  0x3b, 0x73, 0x63, 0x72, 0x61, 0x74, 0x63, 0x68, 0x5f, 0x65, 0x63, 0x67,
  0x5f, 0x63, 0x6e, 0x6e, 0x5f, 0x31, 0x2f, 0x63, 0x6f, 0x6e, 0x76, 0x32,
  0x5f, 0x31, 0x2f, 0x63, 0x6f, 0x6e, 0x76, 0x6f, 0x6c, 0x75, 0x74, 0x69,
  0x6f, 0x6e, 0x00, 0x00, 0x01, 0x00, 0x00, 0x00, 0x20, 0x00, 0x00, 0x00,
  0x62, 0xf1, 0xff, 0xff, 0x00, 0x00, 0x00, 0x01, 0x14, 0x00, 0x00, 0x00,
  0x24, 0x03, 0x00, 0x00, 0x0e, 0x00, 0x00, 0x00, 0x00, 0x00, 0x00, 0x09,
  0x44, 0x03, 0x00, 0x00, 0xe4, 0xf0, 0xff, 0xff, 0x08, 0x00, 0x00, 0x00,
  0x08, 0x02, 0x00, 0x00, 0x40, 0x00, 0x00, 0x00, 0x00, 0x00, 0x00, 0x00,
  0x00, 0x00, 0x00, 0x00, 0x00, 0x00, 0x00, 0x00, 0x00, 0x00, 0x00, 0x00,
  0x00, 0x00, 0x00, 0x00, 0x00, 0x00, 0x00, 0x00, 0x00, 0x00, 0x00, 0x00,
  0x00, 0x00, 0x00, 0x00, 0x00, 0x00, 0x00, 0x00, 0x00, 0x00, 0x00, 0x00,
  0x00, 0x00, 0x00, 0x00, 0x00, 0x00, 0x00, 0x00, 0x00, 0x00, 0x00, 0x00,
  0x00, 0x00, 0x00, 0x00, 0x00, 0x00, 0x00, 0x00, 0x00, 0x00, 0x00, 0x00,
  0x00, 0x00, 0x00, 0x00, 0x00, 0x00, 0x00, 0x00, 0x00, 0x00, 0x00, 0x00,
  0x00, 0x00, 0x00, 0x00, 0x00, 0x00, 0x00, 0x00, 0x00, 0x00, 0x00, 0x00,
  0x00, 0x00, 0x00, 0x00, 0x00, 0x00, 0x00, 0x00, 0x00, 0x00, 0x00, 0x00,
  0x00, 0x00, 0x00, 0x00, 0x00, 0x00, 0x00, 0x00, 0x00, 0x00, 0x00, 0x00,
  0x00, 0x00, 0x00, 0x00, 0x00, 0x00, 0x00, 0x00, 0x00, 0x00, 0x00, 0x00,
  0x00, 0x00, 0x00, 0x00, 0x00, 0x00, 0x00, 0x00, 0x00, 0x00, 0x00, 0x00,
  0x00, 0x00, 0x00, 0x00, 0x00, 0x00, 0x00, 0x00, 0x00, 0x00, 0x00, 0x00,
  0x00, 0x00, 0x00, 0x00, 0x00, 0x00, 0x00, 0x00, 0x00, 0x00, 0x00, 0x00,
  0x00, 0x00, 0x00, 0x00, 0x00, 0x00, 0x00, 0x00, 0x00, 0x00, 0x00, 0x00,
  0x00, 0x00, 0x00, 0x00, 0x00, 0x00, 0x00, 0x00, 0x00, 0x00, 0x00, 0x00,
  0x00, 0x00, 0x00, 0x00, 0x00, 0x00, 0x00, 0x00, 0x00, 0x00, 0x00, 0x00,
  0x00, 0x00, 0x00, 0x00, 0x00, 0x00, 0x00, 0x00, 0x00, 0x00, 0x00, 0x00,
  0x00, 0x00, 0x00, 0x00, 0x00, 0x00, 0x00, 0x00, 0x00, 0x00, 0x00, 0x00,
  0x00, 0x00, 0x00, 0x00, 0x00, 0x00, 0x00, 0x00, 0x00, 0x00, 0x00, 0x00,
  0x00, 0x00, 0x00, 0x00, 0x00, 0x00, 0x00, 0x00, 0x00, 0x00, 0x00, 0x00,
  0x00, 0x00, 0x00, 0x00, 0x00, 0x00, 0x00, 0x00, 0x00, 0x00, 0x00, 0x00,
  0x00, 0x00, 0x00, 0x00, 0x00, 0x00, 0x00, 0x00, 0x00, 0x00, 0x00, 0x00,
  0x00, 0x00, 0x00, 0x00, 0x00, 0x00, 0x00, 0x00, 0x00, 0x00, 0x00, 0x00,
  0x00, 0x00, 0x00, 0x00, 0x00, 0x00, 0x00, 0x00, 0x00, 0x00, 0x00, 0x00,
  0x00, 0x00, 0x00, 0x00, 0x00, 0x00, 0x00, 0x00, 0x00, 0x00, 0x00, 0x00,
  0x00, 0x00, 0x00, 0x00, 0x00, 0x00, 0x00, 0x00, 0x00, 0x00, 0x00, 0x00,
  0x00, 0x00, 0x00, 0x00, 0x00, 0x00, 0x00, 0x00, 0x00, 0x00, 0x00, 0x00,
  0x00, 0x00, 0x00, 0x00, 0x00, 0x00, 0x00, 0x00, 0x00, 0x00, 0x00, 0x00,
  0x00, 0x00, 0x00, 0x00, 0x00, 0x00, 0x00, 0x00, 0x00, 0x00, 0x00, 0x00,
  0x00, 0x00, 0x00, 0x00, 0x00, 0x00, 0x00, 0x00, 0x00, 0x00, 0x00, 0x00,
  0x00, 0x00, 0x00, 0x00, 0x00, 0x00, 0x00, 0x00, 0x00, 0x00, 0x00, 0x00,
  0x00, 0x00, 0x00, 0x00, 0x00, 0x00, 0x00, 0x00, 0x00, 0x00, 0x00, 0x00,
  0x00, 0x00, 0x00, 0x00, 0x00, 0x00, 0x00, 0x00, 0x00, 0x00, 0x00, 0x00,
  0x00, 0x00, 0x00, 0x00, 0x00, 0x00, 0x00, 0x00, 0x00, 0x00, 0x00, 0x00,
  0x00, 0x00, 0x00, 0x00, 0x00, 0x00, 0x00, 0x00, 0x00, 0x00, 0x00, 0x00,
  0x00, 0x00, 0x00, 0x00, 0x00, 0x00, 0x00, 0x00, 0x00, 0x00, 0x00, 0x00,
  0x00, 0x00, 0x00, 0x00, 0x00, 0x00, 0x00, 0x00, 0x00, 0x00, 0x00, 0x00,
  0x00, 0x00, 0x00, 0x00, 0x00, 0x00, 0x00, 0x00, 0x00, 0x00, 0x00, 0x00,
  0x00, 0x00, 0x00, 0x00, 0x00, 0x00, 0x00, 0x00, 0x00, 0x00, 0x00, 0x00,
  0x00, 0x00, 0x00, 0x00, 0x00, 0x00, 0x00, 0x00, 0x00, 0x00, 0x00, 0x00,
  0x00, 0x00, 0x00, 0x00, 0x00, 0x00, 0x00, 0x00, 0x00, 0x00, 0x00, 0x00,
  0x00, 0x00, 0x00, 0x00, 0x00, 0x00, 0x00, 0x00, 0x00, 0x00, 0x00, 0x00,
  0x00, 0x00, 0x00, 0x00, 0x40, 0x00, 0x00, 0x00, 0x91, 0xbf, 0x7d, 0x3b,
  0x22, 0x3c, 0x08, 0x3c, 0x69, 0x5f, 0x32, 0x3c, 0x06, 0xf8, 0xf5, 0x3b,
  0x38, 0x90, 0xb2, 0x3b, 0x22, 0x7e, 0xbc, 0x3b, 0xc8, 0x20, 0xde, 0x3b,
  0xc4, 0xce, 0xe7, 0x3b, 0xc6, 0xbf, 0x24, 0x3c, 0x65, 0x0f, 0x9a, 0x3b,
  0xc1, 0x17, 0xc2, 0x3b, 0xf8, 0x3f, 0x2e, 0x3c, 0x1e, 0xfc, 0x73, 0x3c,
  0x6b, 0x13, 0xb6, 0x3b, 0x95, 0xd0, 0xa2, 0x3b, 0xf2, 0x94, 0xdf, 0x3b,
  0x2f, 0xd9, 0xb3, 0x3b, 0x29, 0xe7, 0x5e, 0x3c, 0xe4, 0x73, 0xa3, 0x3b,
  0x75, 0x77, 0x94, 0x3b, 0x27, 0xc7, 0x01, 0x3c, 0x01, 0x32, 0x89, 0x3b,
  0x50, 0xa2, 0xc6, 0x3b, 0xe5, 0xdc, 0xaa, 0x3b, 0xf9, 0xd4, 0x99, 0x3b,
  0xfc, 0x53, 0x91, 0x3b, 0x4c, 0x4e, 0x3b, 0x3c, 0xfc, 0x02, 0x62, 0x3c,
  0x26, 0xb6, 0x33, 0x3b, 0x90, 0x4f, 0xd6, 0x3b, 0x22, 0xde, 0xda, 0x3b,
  0x3a, 0xd0, 0x4f, 0x3c, 0x4b, 0xd5, 0x31, 0x3c, 0x50, 0x51, 0xfb, 0x3c,
  0xc8, 0x8c, 0x87, 0x3b, 0x32, 0x70, 0xdf, 0x3b, 0xbc, 0x0b, 0x8d, 0x3c,
  0x8f, 0x48, 0x33, 0x3c, 0x58, 0xcc, 0xfa, 0x3b, 0x36, 0x52, 0xf9, 0x3b,
  0xc8, 0x98, 0x9b, 0x3b, 0xea, 0xa6, 0x82, 0x3c, 0xa9, 0x65, 0x89, 0x3b,
  0x2c, 0x2e, 0x27, 0x3c, 0x1f, 0xae, 0xe7, 0x3b, 0xc8, 0x56, 0x3a, 0x3c,
  0xd5, 0x65, 0xff, 0x3b, 0xed, 0x76, 0x4e, 0x3c, 0xe4, 0x1d, 0xcb, 0x3b,
  0xd4, 0xd9, 0xd0, 0x3b, 0xa1, 0xfd, 0x26, 0x3c, 0x62, 0x58, 0xab, 0x3b,
  0xc2, 0x65, 0xee, 0x3b, 0x21, 0x06, 0x10, 0x3c, 0xea, 0x75, 0xc0, 0x3b,
  0x73, 0xf4, 0x9d, 0x3b, 0x17, 0x4d, 0x21, 0x3c, 0x4f, 0x28, 0xee, 0x3b,
  0x79, 0x76, 0x90, 0x3c, 0x1a, 0xa1, 0xe4, 0x3b, 0x9b, 0x82, 0xf2, 0x3b,
  0x35, 0xe7, 0x05, 0x3c, 0xfa, 0x60, 0xcd, 0x3b, 0xe2, 0x28, 0x27, 0x3c,
  0x25, 0x00, 0x00, 0x00, 0x73, 0x63, 0x72, 0x61, 0x74, 0x63, 0x68, 0x5f,
  0x65, 0x63, 0x67, 0x5f, 0x63, 0x6e, 0x6e, 0x5f, 0x31, 0x2f, 0x63, 0x6f,
  0x6e, 0x76, 0x33, 0x5f, 0x31, 0x2f, 0x63, 0x6f, 0x6e, 0x76, 0x6f, 0x6c,
  0x75, 0x74, 0x69, 0x6f, 0x6e, 0x00, 0x00, 0x00, 0x04, 0x00, 0x00, 0x00,
  0x40, 0x00, 0x00, 0x00, 0x01, 0x00, 0x00, 0x00, 0x03, 0x00, 0x00, 0x00,
  0x20, 0x00, 0x00, 0x00, 0xd2, 0xf4, 0xff, 0xff, 0x00, 0x00, 0x00, 0x01,
  0x14, 0x00, 0x00, 0x00, 0x28, 0x03, 0x00, 0x00, 0x0d, 0x00, 0x00, 0x00,
  0x00, 0x00, 0x00, 0x02, 0xd8, 0x03, 0x00, 0x00, 0x54, 0xf4, 0xff, 0xff,
  0x08, 0x00, 0x00, 0x00, 0x0c, 0x02, 0x00, 0x00, 0x40, 0x00, 0x00, 0x00,
  0x00, 0x00, 0x00, 0x00, 0x00, 0x00, 0x00, 0x00, 0x00, 0x00, 0x00, 0x00,
  0x00, 0x00, 0x00, 0x00, 0x00, 0x00, 0x00, 0x00, 0x00, 0x00, 0x00, 0x00,
  0x00, 0x00, 0x00, 0x00, 0x00, 0x00, 0x00, 0x00, 0x00, 0x00, 0x00, 0x00,
  0x00, 0x00, 0x00, 0x00, 0x00, 0x00, 0x00, 0x00, 0x00, 0x00, 0x00, 0x00,
  0x00, 0x00, 0x00, 0x00, 0x00, 0x00, 0x00, 0x00, 0x00, 0x00, 0x00, 0x00,
  0x00, 0x00, 0x00, 0x00, 0x00, 0x00, 0x00, 0x00, 0x00, 0x00, 0x00, 0x00,
  0x00, 0x00, 0x00, 0x00, 0x00, 0x00, 0x00, 0x00, 0x00, 0x00, 0x00, 0x00,
  0x00, 0x00, 0x00, 0x00, 0x00, 0x00, 0x00, 0x00, 0x00, 0x00, 0x00, 0x00,
  0x00, 0x00, 0x00, 0x00, 0x00, 0x00, 0x00, 0x00, 0x00, 0x00, 0x00, 0x00,
  0x00, 0x00, 0x00, 0x00, 0x00, 0x00, 0x00, 0x00, 0x00, 0x00, 0x00, 0x00,
  0x00, 0x00, 0x00, 0x00, 0x00, 0x00, 0x00, 0x00, 0x00, 0x00, 0x00, 0x00,
  0x00, 0x00, 0x00, 0x00, 0x00, 0x00, 0x00, 0x00, 0x00, 0x00, 0x00, 0x00,
  0x00, 0x00, 0x00, 0x00, 0x00, 0x00, 0x00, 0x00, 0x00, 0x00, 0x00, 0x00,
  0x00, 0x00, 0x00, 0x00, 0x00, 0x00, 0x00, 0x00, 0x00, 0x00, 0x00, 0x00,
  0x00, 0x00, 0x00, 0x00, 0x00, 0x00, 0x00, 0x00, 0x00, 0x00, 0x00, 0x00,
  0x00, 0x00, 0x00, 0x00, 0x00, 0x00, 0x00, 0x00, 0x00, 0x00, 0x00, 0x00,
  0x00, 0x00, 0x00, 0x00, 0x00, 0x00, 0x00, 0x00, 0x00, 0x00, 0x00, 0x00,
  0x00, 0x00, 0x00, 0x00, 0x00, 0x00, 0x00, 0x00, 0x00, 0x00, 0x00, 0x00,
  0x00, 0x00, 0x00, 0x00, 0x00, 0x00, 0x00, 0x00, 0x00, 0x00, 0x00, 0x00,
  0x00, 0x00, 0x00, 0x00, 0x00, 0x00, 0x00, 0x00, 0x00, 0x00, 0x00, 0x00,
  0x00, 0x00, 0x00, 0x00, 0x00, 0x00, 0x00, 0x00, 0x00, 0x00, 0x00, 0x00,
  0x00, 0x00, 0x00, 0x00, 0x00, 0x00, 0x00, 0x00, 0x00, 0x00, 0x00, 0x00,
  0x00, 0x00, 0x00, 0x00, 0x00, 0x00, 0x00, 0x00, 0x00, 0x00, 0x00, 0x00,
  0x00, 0x00, 0x00, 0x00, 0x00, 0x00, 0x00, 0x00, 0x00, 0x00, 0x00, 0x00,
  0x00, 0x00, 0x00, 0x00, 0x00, 0x00, 0x00, 0x00, 0x00, 0x00, 0x00, 0x00,
  0x00, 0x00, 0x00, 0x00, 0x00, 0x00, 0x00, 0x00, 0x00, 0x00, 0x00, 0x00,
  0x00, 0x00, 0x00, 0x00, 0x00, 0x00, 0x00, 0x00, 0x00, 0x00, 0x00, 0x00,
  0x00, 0x00, 0x00, 0x00, 0x00, 0x00, 0x00, 0x00, 0x00, 0x00, 0x00, 0x00,
  0x00, 0x00, 0x00, 0x00, 0x00, 0x00, 0x00, 0x00, 0x00, 0x00, 0x00, 0x00,
  0x00, 0x00, 0x00, 0x00, 0x00, 0x00, 0x00, 0x00, 0x00, 0x00, 0x00, 0x00,
  0x00, 0x00, 0x00, 0x00, 0x00, 0x00, 0x00, 0x00, 0x00, 0x00, 0x00, 0x00,
  0x00, 0x00, 0x00, 0x00, 0x00, 0x00, 0x00, 0x00, 0x00, 0x00, 0x00, 0x00,
  0x00, 0x00, 0x00, 0x00, 0x00, 0x00, 0x00, 0x00, 0x00, 0x00, 0x00, 0x00,
  0x00, 0x00, 0x00, 0x00, 0x00, 0x00, 0x00, 0x00, 0x00, 0x00, 0x00, 0x00,
  0x00, 0x00, 0x00, 0x00, 0x00, 0x00, 0x00, 0x00, 0x00, 0x00, 0x00, 0x00,
  0x00, 0x00, 0x00, 0x00, 0x00, 0x00, 0x00, 0x00, 0x00, 0x00, 0x00, 0x00,
  0x00, 0x00, 0x00, 0x00, 0x00, 0x00, 0x00, 0x00, 0x00, 0x00, 0x00, 0x00,
  0x00, 0x00, 0x00, 0x00, 0x00, 0x00, 0x00, 0x00, 0x00, 0x00, 0x00, 0x00,
  0x00, 0x00, 0x00, 0x00, 0x00, 0x00, 0x00, 0x00, 0x00, 0x00, 0x00, 0x00,
  0x00, 0x00, 0x00, 0x00, 0x00, 0x00, 0x00, 0x00, 0x00, 0x00, 0x00, 0x00,
  0x00, 0x00, 0x00, 0x00, 0x00, 0x00, 0x00, 0x00, 0x00, 0x00, 0x00, 0x00,
  0x00, 0x00, 0x00, 0x00, 0x00, 0x00, 0x00, 0x00, 0x00, 0x00, 0x00, 0x00,
  0x00, 0x00, 0x00, 0x00, 0x00, 0x00, 0x00, 0x00, 0x00, 0x00, 0x00, 0x00,
  0x40, 0x00, 0x00, 0x00, 0x1d, 0x3e, 0xc7, 0x38, 0x54, 0xf1, 0x55, 0x39,
  0xd0, 0x0e, 0x8c, 0x39, 0x5b, 0x22, 0x41, 0x39, 0x23, 0x35, 0x0c, 0x39,
  0x0b, 0x01, 0x14, 0x39, 0x1b, 0x6a, 0x2e, 0x39, 0xd0, 0x03, 0x36, 0x39,
  0x54, 0x5c, 0x81, 0x39, 0x75, 0xef, 0xf1, 0x38, 0xb8, 0x66, 0x18, 0x39,
  0x15, 0xd2, 0x88, 0x39, 0x8d, 0x93, 0xbf, 0x39, 0x2f, 0xf7, 0x0e, 0x39,
  0x02, 0xaf, 0xff, 0x38, 0x54, 0x8e, 0x2f, 0x39, 0x70, 0x37, 0x0d, 0x39,
  0xdf, 0x05, 0xaf, 0x39, 0xbc, 0x57, 0x00, 0x39, 0xbf, 0x26, 0xe9, 0x38,
  0x7f, 0xcd, 0x4b, 0x39, 0x72, 0x73, 0xd7, 0x38, 0x8e, 0xf7, 0x1b, 0x39,
  0x42, 0x29, 0x06, 0x39, 0xb6, 0x93, 0xf1, 0x38, 0xfa, 0x38, 0xe4, 0x38,
  0x78, 0x12, 0x93, 0x39, 0xc0, 0x76, 0xb1, 0x39, 0xee, 0x1b, 0x8d, 0x38,
  0xc0, 0x46, 0x28, 0x39, 0xbd, 0xda, 0x2b, 0x39, 0xb4, 0x2c, 0xa3, 0x39,
  0x5d, 0xa2, 0x8b, 0x39, 0x85, 0x55, 0x45, 0x3a, 0xf5, 0xdd, 0xd4, 0x38,
  0x78, 0x71, 0x2f, 0x39, 0x6e, 0x7f, 0xdd, 0x39, 0xe1, 0xc5, 0x8c, 0x39,
  0x1d, 0xed, 0x44, 0x39, 0x34, 0xc4, 0x43, 0x39, 0x3b, 0x59, 0xf4, 0x38,
  0xe4, 0x2c, 0xcd, 0x39, 0x91, 0xc4, 0xd7, 0x38, 0x08, 0x45, 0x83, 0x39,
  0x2e, 0xea, 0x35, 0x39, 0x1f, 0x50, 0x92, 0x39, 0xad, 0x89, 0x48, 0x39,
  0x93, 0x1d, 0xa2, 0x39, 0xa2, 0x7c, 0x1f, 0x39, 0x41, 0xfd, 0x23, 0x39,
  0xeb, 0x1e, 0x83, 0x39, 0x38, 0x8a, 0x06, 0x39, 0x6f, 0x30, 0x3b, 0x39,
  0xb1, 0x2c, 0x62, 0x39, 0xa1, 0x1e, 0x17, 0x39, 0x3a, 0x0d, 0xf8, 0x38,
  0x7e, 0x4e, 0x7d, 0x39, 0x2f, 0x00, 0x3b, 0x39, 0x1e, 0xdd, 0xe2, 0x39,
  0xed, 0x84, 0x33, 0x39, 0x21, 0x6b, 0x3e, 0x39, 0xeb, 0x47, 0x52, 0x39,
  0x54, 0x43, 0x21, 0x39, 0xe1, 0x40, 0x83, 0x39, 0xb6, 0x00, 0x00, 0x00,
  0x73, 0x63, 0x72, 0x61, 0x74, 0x63, 0x68, 0x5f, 0x65, 0x63, 0x67, 0x5f,
  0x63, 0x6e, 0x6e, 0x5f, 0x31, 0x2f, 0x72, 0x65, 0x6c, 0x75, 0x33, 0x5f,
  0x31, 0x2f, 0x52, 0x65, 0x6c, 0x75, 0x3b, 0x73, 0x63, 0x72, 0x61, 0x74,
  0x63, 0x68, 0x5f, 0x65, 0x63, 0x67, 0x5f, 0x63, 0x6e, 0x6e, 0x5f, 0x31,
  0x2f, 0x63, 0x6f, 0x6e, 0x76, 0x33, 0x5f, 0x31, 0x2f, 0x42, 0x69, 0x61,
  0x73, 0x41, 0x64, 0x64, 0x3b, 0x73, 0x63, 0x72, 0x61, 0x74, 0x63, 0x68,
  0x5f, 0x65, 0x63, 0x67, 0x5f, 0x63, 0x6e, 0x6e, 0x5f, 0x31, 0x2f, 0x63,
  0x6f, 0x6e, 0x76, 0x33, 0x5f, 0x31, 0x2f, 0x63, 0x6f, 0x6e, 0x76, 0x6f,
  0x6c, 0x75, 0x74, 0x69, 0x6f, 0x6e, 0x2f, 0x53, 0x71, 0x75, 0x65, 0x65,
  0x7a, 0x65, 0x3b, 0x73, 0x63, 0x72, 0x61, 0x74, 0x63, 0x68, 0x5f, 0x65,
  0x63, 0x67, 0x5f, 0x63, 0x6e, 0x6e, 0x5f, 0x31, 0x2f, 0x63, 0x6f, 0x6e,
  0x76, 0x33, 0x5f, 0x31, 0x2f, 0x53, 0x71, 0x75, 0x65, 0x65, 0x7a, 0x65,
  0x3b, 0x73, 0x63, 0x72, 0x61, 0x74, 0x63, 0x68, 0x5f, 0x65, 0x63, 0x67,
  0x5f, 0x63, 0x6e, 0x6e, 0x5f, 0x31, 0x2f, 0x63, 0x6f, 0x6e, 0x76, 0x33,
  0x5f, 0x31, 0x2f, 0x63, 0x6f, 0x6e, 0x76, 0x6f, 0x6c, 0x75, 0x74, 0x69,
  0x6f, 0x6e, 0x00, 0x00, 0x01, 0x00, 0x00, 0x00, 0x40, 0x00, 0x00, 0x00,
  0xca, 0xf8, 0xff, 0xff, 0x00, 0x00, 0x00, 0x01, 0x14, 0x00, 0x00, 0x00,
  0xa8, 0x01, 0x00, 0x00, 0x0c, 0x00, 0x00, 0x00, 0x00, 0x00, 0x00, 0x09,
  0xc4, 0x01, 0x00, 0x00, 0x4c, 0xf8, 0xff, 0xff, 0x08, 0x00, 0x00, 0x00,
  0x0c, 0x01, 0x00, 0x00, 0x20, 0x00, 0x00, 0x00, 0x00, 0x00, 0x00, 0x00,
  0x00, 0x00, 0x00, 0x00, 0x00, 0x00, 0x00, 0x00, 0x00, 0x00, 0x00, 0x00,
  0x00, 0x00, 0x00, 0x00, 0x00, 0x00, 0x00, 0x00, 0x00, 0x00, 0x00, 0x00,
  0x00, 0x00, 0x00, 0x00, 0x00, 0x00, 0x00, 0x00, 0x00, 0x00, 0x00, 0x00,
  0x00, 0x00, 0x00, 0x00, 0x00, 0x00, 0x00, 0x00, 0x00, 0x00, 0x00, 0x00,
  0x00, 0x00, 0x00, 0x00, 0x00, 0x00, 0x00, 0x00, 0x00, 0x00, 0x00, 0x00,
  0x00, 0x00, 0x00, 0x00, 0x00, 0x00, 0x00, 0x00, 0x00, 0x00, 0x00, 0x00,
  0x00, 0x00, 0x00, 0x00, 0x00, 0x00, 0x00, 0x00, 0x00, 0x00, 0x00, 0x00,
  0x00, 0x00, 0x00, 0x00, 0x00, 0x00, 0x00, 0x00, 0x00, 0x00, 0x00, 0x00,
  0x00, 0x00, 0x00, 0x00, 0x00, 0x00, 0x00, 0x00, 0x00, 0x00, 0x00, 0x00,
  0x00, 0x00, 0x00, 0x00, 0x00, 0x00, 0x00, 0x00, 0x00, 0x00, 0x00, 0x00,
  0x00, 0x00, 0x00, 0x00, 0x00, 0x00, 0x00, 0x00, 0x00, 0x00, 0x00, 0x00,
  0x00, 0x00, 0x00, 0x00, 0x00, 0x00, 0x00, 0x00, 0x00, 0x00, 0x00, 0x00,
  0x00, 0x00, 0x00, 0x00, 0x00, 0x00, 0x00, 0x00, 0x00, 0x00, 0x00, 0x00,
  0x00, 0x00, 0x00, 0x00, 0x00, 0x00, 0x00, 0x00, 0x00, 0x00, 0x00, 0x00,
  0x00, 0x00, 0x00, 0x00, 0x00, 0x00, 0x00, 0x00, 0x00, 0x00, 0x00, 0x00,
  0x00, 0x00, 0x00, 0x00, 0x00, 0x00, 0x00, 0x00, 0x00, 0x00, 0x00, 0x00,
  0x00, 0x00, 0x00, 0x00, 0x00, 0x00, 0x00, 0x00, 0x00, 0x00, 0x00, 0x00,
  0x00, 0x00, 0x00, 0x00, 0x00, 0x00, 0x00, 0x00, 0x00, 0x00, 0x00, 0x00,
  0x00, 0x00, 0x00, 0x00, 0x00, 0x00, 0x00, 0x00, 0x00, 0x00, 0x00, 0x00,
  0x00, 0x00, 0x00, 0x00, 0x00, 0x00, 0x00, 0x00, 0x00, 0x00, 0x00, 0x00,
  0x00, 0x00, 0x00, 0x00, 0x00, 0x00, 0x00, 0x00, 0x00, 0x00, 0x00, 0x00,
  0x00, 0x00, 0x00, 0x00, 0x20, 0x00, 0x00, 0x00, 0xfd, 0x6a, 0x20, 0x3c,
  0x00, 0xd3, 0x2c, 0x3b, 0x81, 0xcc, 0x19, 0x3c, 0xae, 0xb5, 0x50, 0x3b,
  0xa3, 0x12, 0x1b, 0x3c, 0xb6, 0x4b, 0x0a, 0x3c, 0xd4, 0xab, 0xfc, 0x3b,
  0x3a, 0xe0, 0xcf, 0x3b, 0x8e, 0xe4, 0x56, 0x3b, 0xe8, 0x21, 0x70, 0x3b,
  0x6b, 0x3c, 0x19, 0x3c, 0x59, 0x8f, 0x42, 0x3c, 0x2c, 0x08, 0x4d, 0x3b,
  0xfd, 0x50, 0x88, 0x3b, 0xba, 0x46, 0xe6, 0x3b, 0x8c, 0x2e, 0xb2, 0x3b,
  0xbc, 0xae, 0x0c, 0x3c, 0xbd, 0xa7, 0xdb, 0x3b, 0xd1, 0x96, 0x62, 0x3b,
  0x23, 0xa0, 0xf8, 0x3b, 0x6f, 0xd7, 0x00, 0x3c, 0x63, 0xa9, 0x8f, 0x3b,
  0x9f, 0xfb, 0x38, 0x3c, 0xfa, 0xf4, 0x24, 0x3b, 0x7a, 0x5f, 0x14, 0x3c,
  0x5c, 0x48, 0xcc, 0x3b, 0x4b, 0xfb, 0x21, 0x3c, 0xf1, 0x1c, 0x56, 0x3b,
  0x21, 0xb3, 0x0b, 0x3c, 0x3b, 0xe0, 0x48, 0x3b, 0x4b, 0x84, 0x0f, 0x3c,
  0xd1, 0x0f, 0x11, 0x3c, 0x21, 0x00, 0x00, 0x00, 0x73, 0x63, 0x72, 0x61,
  0x74, 0x63, 0x68, 0x5f, 0x65, 0x63, 0x67, 0x5f, 0x63, 0x6e, 0x6e, 0x5f,
  0x31, 0x2f, 0x64, 0x65, 0x6e, 0x73, 0x65, 0x31, 0x5f, 0x31, 0x2f, 0x4d,
  0x61, 0x74, 0x4d, 0x75, 0x6c, 0x00, 0x00, 0x00, 0x02, 0x00, 0x00, 0x00,
  0x20, 0x00, 0x00, 0x00, 0x40, 0x00, 0x00, 0x00, 0xb2, 0xfa, 0xff, 0xff,
  0x00, 0x00, 0x00, 0x01, 0x14, 0x00, 0x00, 0x00, 0xa4, 0x01, 0x00, 0x00,
  0x0b, 0x00, 0x00, 0x00, 0x00, 0x00, 0x00, 0x02, 0xe0, 0x01, 0x00, 0x00,
  0x34, 0xfa, 0xff, 0xff, 0x08, 0x00, 0x00, 0x00, 0x08, 0x01, 0x00, 0x00,
  0x20, 0x00, 0x00, 0x00, 0x00, 0x00, 0x00, 0x00, 0x00, 0x00, 0x00, 0x00,
  0x00, 0x00, 0x00, 0x00, 0x00, 0x00, 0x00, 0x00, 0x00, 0x00, 0x00, 0x00,
  0x00, 0x00, 0x00, 0x00, 0x00, 0x00, 0x00, 0x00, 0x00, 0x00, 0x00, 0x00,
  0x00, 0x00, 0x00, 0x00, 0x00, 0x00, 0x00, 0x00, 0x00, 0x00, 0x00, 0x00,
  0x00, 0x00, 0x00, 0x00, 0x00, 0x00, 0x00, 0x00, 0x00, 0x00, 0x00, 0x00,
  0x00, 0x00, 0x00, 0x00, 0x00, 0x00, 0x00, 0x00, 0x00, 0x00, 0x00, 0x00,
  0x00, 0x00, 0x00, 0x00, 0x00, 0x00, 0x00, 0x00, 0x00, 0x00, 0x00, 0x00,
  0x00, 0x00, 0x00, 0x00, 0x00, 0x00, 0x00, 0x00, 0x00, 0x00, 0x00, 0x00,
  0x00, 0x00, 0x00, 0x00, 0x00, 0x00, 0x00, 0x00, 0x00, 0x00, 0x00, 0x00,
  0x00, 0x00, 0x00, 0x00, 0x00, 0x00, 0x00, 0x00, 0x00, 0x00, 0x00, 0x00,
  0x00, 0x00, 0x00, 0x00, 0x00, 0x00, 0x00, 0x00, 0x00, 0x00, 0x00, 0x00,
  0x00, 0x00, 0x00, 0x00, 0x00, 0x00, 0x00, 0x00, 0x00, 0x00, 0x00, 0x00,
  0x00, 0x00, 0x00, 0x00, 0x00, 0x00, 0x00, 0x00, 0x00, 0x00, 0x00, 0x00,
  0x00, 0x00, 0x00, 0x00, 0x00, 0x00, 0x00, 0x00, 0x00, 0x00, 0x00, 0x00,
  0x00, 0x00, 0x00, 0x00, 0x00, 0x00, 0x00, 0x00, 0x00, 0x00, 0x00, 0x00,
  0x00, 0x00, 0x00, 0x00, 0x00, 0x00, 0x00, 0x00, 0x00, 0x00, 0x00, 0x00,
  0x00, 0x00, 0x00, 0x00, 0x00, 0x00, 0x00, 0x00, 0x00, 0x00, 0x00, 0x00,
  0x00, 0x00, 0x00, 0x00, 0x00, 0x00, 0x00, 0x00, 0x00, 0x00, 0x00, 0x00,
  0x00, 0x00, 0x00, 0x00, 0x00, 0x00, 0x00, 0x00, 0x00, 0x00, 0x00, 0x00,
  0x00, 0x00, 0x00, 0x00, 0x00, 0x00, 0x00, 0x00, 0x00, 0x00, 0x00, 0x00,
  0x00, 0x00, 0x00, 0x00, 0x00, 0x00, 0x00, 0x00, 0x00, 0x00, 0x00, 0x00,
  0x00, 0x00, 0x00, 0x00, 0x00, 0x00, 0x00, 0x00, 0x20, 0x00, 0x00, 0x00,
  0x54, 0x5d, 0xa3, 0x38, 0xad, 0xff, 0xaf, 0x37, 0xb8, 0x9f, 0x9c, 0x38,
  0x1a, 0x8b, 0xd4, 0x37, 0xd7, 0xeb, 0x9d, 0x38, 0x06, 0xd6, 0x8c, 0x38,
  0xfc, 0xa7, 0x80, 0x38, 0xba, 0xb1, 0x53, 0x38, 0x0d, 0xd7, 0xda, 0x37,
  0x17, 0x8b, 0xf4, 0x37, 0xfc, 0x0c, 0x9c, 0x38, 0x3c, 0x22, 0xc6, 0x38,
  0x4d, 0xcc, 0xd0, 0x37, 0xfe, 0xd1, 0x0a, 0x38, 0x90, 0x81, 0x6a, 0x38,
  0x6b, 0x74, 0x35, 0x38, 0x45, 0x44, 0x8f, 0x38, 0xa1, 0xb0, 0x5f, 0x38,
  0x50, 0xc0, 0xe6, 0x37, 0x42, 0x31, 0x7d, 0x38, 0x4a, 0x35, 0x83, 0x38,
  0xee, 0x4c, 0x12, 0x38, 0x79, 0x61, 0xbc, 0x38, 0xa9, 0xfc, 0xa7, 0x37,
  0x2d, 0x19, 0x97, 0x38, 0xf7, 0x08, 0x50, 0x38, 0xfc, 0xf4, 0xa4, 0x38,
  0xc6, 0x0b, 0xda, 0x37, 0x0b, 0x44, 0x8e, 0x38, 0xd1, 0x90, 0xcc, 0x37,
  0x28, 0x27, 0x92, 0x38, 0xf2, 0xb9, 0x93, 0x38, 0x41, 0x00, 0x00, 0x00,
  0x73, 0x63, 0x72, 0x61, 0x74, 0x63, 0x68, 0x5f, 0x65, 0x63, 0x67, 0x5f,
  0x63, 0x6e, 0x6e, 0x5f, 0x31, 0x2f, 0x72, 0x65, 0x6c, 0x75, 0x34, 0x5f,
  0x31, 0x2f, 0x52, 0x65, 0x6c, 0x75, 0x3b, 0x73, 0x63, 0x72, 0x61, 0x74,
  0x63, 0x68, 0x5f, 0x65, 0x63, 0x67, 0x5f, 0x63, 0x6e, 0x6e, 0x5f, 0x31,
  0x2f, 0x64, 0x65, 0x6e, 0x73, 0x65, 0x31, 0x5f, 0x31, 0x2f, 0x42, 0x69,
  0x61, 0x73, 0x41, 0x64, 0x64, 0x00, 0x00, 0x00, 0x01, 0x00, 0x00, 0x00,
  0x20, 0x00, 0x00, 0x00, 0xb2, 0xfc, 0xff, 0xff, 0x00, 0x00, 0x00, 0x01,
  0x14, 0x00, 0x00, 0x00, 0x64, 0x00, 0x00, 0x00, 0x0a, 0x00, 0x00, 0x00,
  0x00, 0x00, 0x00, 0x09, 0x84, 0x00, 0x00, 0x00, 0x34, 0xfc, 0xff, 0xff,
  0x08, 0x00, 0x00, 0x00, 0x34, 0x00, 0x00, 0x00, 0x05, 0x00, 0x00, 0x00,
  0x00, 0x00, 0x00, 0x00, 0x00, 0x00, 0x00, 0x00, 0x00, 0x00, 0x00, 0x00,
  0x00, 0x00, 0x00, 0x00, 0x00, 0x00, 0x00, 0x00, 0x00, 0x00, 0x00, 0x00,
  0x00, 0x00, 0x00, 0x00, 0x00, 0x00, 0x00, 0x00, 0x00, 0x00, 0x00, 0x00,
  0x00, 0x00, 0x00, 0x00, 0x00, 0x00, 0x00, 0x00, 0x05, 0x00, 0x00, 0x00,
  0x9d, 0x08, 0x68, 0x3c, 0xa8, 0x32, 0x2b, 0x3c, 0x6b, 0x56, 0x4e, 0x3c,
  0x16, 0xec, 0x59, 0x3c, 0xd4, 0xa2, 0x8f, 0x3c, 0x27, 0x00, 0x00, 0x00,
  0x73, 0x63, 0x72, 0x61, 0x74, 0x63, 0x68, 0x5f, 0x65, 0x63, 0x67, 0x5f,
  0x63, 0x6e, 0x6e, 0x5f, 0x31, 0x2f, 0x6f, 0x75, 0x74, 0x70, 0x75, 0x74,
  0x5f, 0x6c, 0x61, 0x79, 0x65, 0x72, 0x5f, 0x31, 0x2f, 0x4d, 0x61, 0x74,
  0x4d, 0x75, 0x6c, 0x00, 0x02, 0x00, 0x00, 0x00, 0x05, 0x00, 0x00, 0x00,
  0x20, 0x00, 0x00, 0x00, 0x5a, 0xfd, 0xff, 0xff, 0x00, 0x00, 0x00, 0x01,
  0x14, 0x00, 0x00, 0x00, 0x64, 0x00, 0x00, 0x00, 0x09, 0x00, 0x00, 0x00,
  0x00, 0x00, 0x00, 0x02, 0x88, 0x00, 0x00, 0x00, 0xdc, 0xfc, 0xff, 0xff,
  0x08, 0x00, 0x00, 0x00, 0x34, 0x00, 0x00, 0x00, 0x05, 0x00, 0x00, 0x00,
  0x00, 0x00, 0x00, 0x00, 0x00, 0x00, 0x00, 0x00, 0x00, 0x00, 0x00, 0x00,
  0x00, 0x00, 0x00, 0x00, 0x00, 0x00, 0x00, 0x00, 0x00, 0x00, 0x00, 0x00,
  0x00, 0x00, 0x00, 0x00, 0x00, 0x00, 0x00, 0x00, 0x00, 0x00, 0x00, 0x00,
  0x00, 0x00, 0x00, 0x00, 0x00, 0x00, 0x00, 0x00, 0x05, 0x00, 0x00, 0x00,
  0x9d, 0x64, 0x53, 0x39, 0x0b, 0xf8, 0x1b, 0x39, 0x96, 0xfb, 0x3b, 0x39,
  0x71, 0x89, 0x46, 0x39, 0xde, 0xdb, 0x82, 0x39, 0x28, 0x00, 0x00, 0x00,
  0x73, 0x63, 0x72, 0x61, 0x74, 0x63, 0x68, 0x5f, 0x65, 0x63, 0x67, 0x5f,
  0x63, 0x6e, 0x6e, 0x5f, 0x31, 0x2f, 0x6f, 0x75, 0x74, 0x70, 0x75, 0x74,
  0x5f, 0x6c, 0x61, 0x79, 0x65, 0x72, 0x5f, 0x31, 0x2f, 0x42, 0x69, 0x61,
  0x73, 0x41, 0x64, 0x64, 0x00, 0x00, 0x00, 0x00, 0x01, 0x00, 0x00, 0x00,
  0x05, 0x00, 0x00, 0x00, 0x02, 0xfe, 0xff, 0xff, 0x00, 0x00, 0x00, 0x01,
  0x14, 0x00, 0x00, 0x00, 0x14, 0x00, 0x00, 0x00, 0x08, 0x00, 0x00, 0x00,
  0x00, 0x00, 0x00, 0x02, 0x3c, 0x00, 0x00, 0x00, 0xec, 0xfd, 0xff, 0xff,
  0x2d, 0x00, 0x00, 0x00, 0x73, 0x63, 0x72, 0x61, 0x74, 0x63, 0x68, 0x5f,
  0x65, 0x63, 0x67, 0x5f, 0x63, 0x6e, 0x6e, 0x5f, 0x31, 0x2f, 0x63, 0x6f,
  0x6e, 0x76, 0x33, 0x5f, 0x31, 0x2f, 0x63, 0x6f, 0x6e, 0x76, 0x6f, 0x6c,
  0x75, 0x74, 0x69, 0x6f, 0x6e, 0x2f, 0x53, 0x71, 0x75, 0x65, 0x65, 0x7a,
  0x65, 0x00, 0x00, 0x00, 0x01, 0x00, 0x00, 0x00, 0x03, 0x00, 0x00, 0x00,
  0x5e, 0xfe, 0xff, 0xff, 0x00, 0x00, 0x00, 0x01, 0x14, 0x00, 0x00, 0x00,
  0x14, 0x00, 0x00, 0x00, 0x07, 0x00, 0x00, 0x00, 0x00, 0x00, 0x00, 0x02,
  0x38, 0x00, 0x00, 0x00, 0x48, 0xfe, 0xff, 0xff, 0x2b, 0x00, 0x00, 0x00,
  0x73, 0x63, 0x72, 0x61, 0x74, 0x63, 0x68, 0x5f, 0x65, 0x63, 0x67, 0x5f,
  0x63, 0x6e, 0x6e, 0x5f, 0x31, 0x2f, 0x70, 0x6f, 0x6f, 0x6c, 0x32, 0x5f,
  0x31, 0x2f, 0x4d, 0x61, 0x78, 0x50, 0x6f, 0x6f, 0x6c, 0x31, 0x64, 0x2f,
  0x53, 0x71, 0x75, 0x65, 0x65, 0x7a, 0x65, 0x00, 0x01, 0x00, 0x00, 0x00,
  0x03, 0x00, 0x00, 0x00, 0xb6, 0xfe, 0xff, 0xff, 0x00, 0x00, 0x00, 0x01,
  0x14, 0x00, 0x00, 0x00, 0x14, 0x00, 0x00, 0x00, 0x06, 0x00, 0x00, 0x00,
  0x00, 0x00, 0x00, 0x02, 0x3c, 0x00, 0x00, 0x00, 0xa0, 0xfe, 0xff, 0xff,
  0x2d, 0x00, 0x00, 0x00, 0x73, 0x63, 0x72, 0x61, 0x74, 0x63, 0x68, 0x5f,
  0x65, 0x63, 0x67, 0x5f, 0x63, 0x6e, 0x6e, 0x5f, 0x31, 0x2f, 0x63, 0x6f,
  0x6e, 0x76, 0x32, 0x5f, 0x31, 0x2f, 0x63, 0x6f, 0x6e, 0x76, 0x6f, 0x6c,
  0x75, 0x74, 0x69, 0x6f, 0x6e, 0x2f, 0x53, 0x71, 0x75, 0x65, 0x65, 0x7a,
  0x65, 0x00, 0x00, 0x00, 0x01, 0x00, 0x00, 0x00, 0x03, 0x00, 0x00, 0x00,
  0x12, 0xff, 0xff, 0xff, 0x00, 0x00, 0x00, 0x01, 0x14, 0x00, 0x00, 0x00,
  0x14, 0x00, 0x00, 0x00, 0x05, 0x00, 0x00, 0x00, 0x00, 0x00, 0x00, 0x02,
  0x38, 0x00, 0x00, 0x00, 0xfc, 0xfe, 0xff, 0xff, 0x2b, 0x00, 0x00, 0x00,
  0x73, 0x63, 0x72, 0x61, 0x74, 0x63, 0x68, 0x5f, 0x65, 0x63, 0x67, 0x5f,
  0x63, 0x6e, 0x6e, 0x5f, 0x31, 0x2f, 0x70, 0x6f, 0x6f, 0x6c, 0x31, 0x5f,
  0x31, 0x2f, 0x4d, 0x61, 0x78, 0x50, 0x6f, 0x6f, 0x6c, 0x31, 0x64, 0x2f,
  0x53, 0x71, 0x75, 0x65, 0x65, 0x7a, 0x65, 0x00, 0x01, 0x00, 0x00, 0x00,
  0x03, 0x00, 0x00, 0x00, 0x6a, 0xff, 0xff, 0xff, 0x00, 0x00, 0x00, 0x01,
  0x14, 0x00, 0x00, 0x00, 0x14, 0x00, 0x00, 0x00, 0x04, 0x00, 0x00, 0x00,
  0x00, 0x00, 0x00, 0x02, 0x1c, 0x00, 0x00, 0x00, 0x54, 0xff, 0xff, 0xff,
  0x0e, 0x00, 0x00, 0x00, 0x61, 0x72, 0x69, 0x74, 0x68, 0x2e, 0x63, 0x6f,
  0x6e, 0x73, 0x74, 0x61, 0x6e, 0x74, 0x00, 0x00, 0x00, 0x00, 0x00, 0x00,
  0xa2, 0xff, 0xff, 0xff, 0x00, 0x00, 0x00, 0x01, 0x14, 0x00, 0x00, 0x00,
  0x14, 0x00, 0x00, 0x00, 0x03, 0x00, 0x00, 0x00, 0x00, 0x00, 0x00, 0x02,
  0x3c, 0x00, 0x00, 0x00, 0x8c, 0xff, 0xff, 0xff, 0x2d, 0x00, 0x00, 0x00,
  0x73, 0x63, 0x72, 0x61, 0x74, 0x63, 0x68, 0x5f, 0x65, 0x63, 0x67, 0x5f,
  0x63, 0x6e, 0x6e, 0x5f, 0x31, 0x2f, 0x63, 0x6f, 0x6e, 0x76, 0x31, 0x5f,
  0x31, 0x2f, 0x63, 0x6f, 0x6e, 0x76, 0x6f, 0x6c, 0x75, 0x74, 0x69, 0x6f,
  0x6e, 0x2f, 0x53, 0x71, 0x75, 0x65, 0x65, 0x7a, 0x65, 0x00, 0x00, 0x00,
  0x01, 0x00, 0x00, 0x00, 0x03, 0x00, 0x00, 0x00, 0x00, 0x00, 0x16, 0x00,
  0x1c, 0x00, 0x18, 0x00, 0x17, 0x00, 0x10, 0x00, 0x0c, 0x00, 0x08, 0x00,
  0x00, 0x00, 0x00, 0x00, 0x00, 0x00, 0x07, 0x00, 0x16, 0x00, 0x00, 0x00,
  0x00, 0x00, 0x00, 0x01, 0x18, 0x00, 0x00, 0x00, 0x18, 0x00, 0x00, 0x00,
  0x02, 0x00, 0x00, 0x00, 0x00, 0x00, 0x00, 0x02, 0x20, 0x00, 0x00, 0x00,
  0x04, 0x00, 0x04, 0x00, 0x04, 0x00, 0x00, 0x00, 0x0f, 0x00, 0x00, 0x00,
  0x61, 0x72, 0x69, 0x74, 0x68, 0x2e, 0x63, 0x6f, 0x6e, 0x73, 0x74, 0x61,
  0x6e, 0x74, 0x31, 0x00, 0x00, 0x00, 0x00, 0x00, 0x00, 0x00, 0x16, 0x00,
  0x20, 0x00, 0x1c, 0x00, 0x1b, 0x00, 0x14, 0x00, 0x10, 0x00, 0x0c, 0x00,
  0x00, 0x00, 0x00, 0x00, 0x08, 0x00, 0x07, 0x00, 0x16, 0x00, 0x00, 0x00,
  0x00, 0x00, 0x00, 0x01, 0x18, 0x00, 0x00, 0x00, 0x30, 0x00, 0x00, 0x00,
  0x4c, 0x00, 0x00, 0x00, 0x01, 0x00, 0x00, 0x00, 0x00, 0x00, 0x00, 0x09,
  0x60, 0x00, 0x00, 0x00, 0x03, 0x00, 0x00, 0x00, 0xff, 0xff, 0xff, 0xff,
  0xbb, 0x00, 0x00, 0x00, 0x01, 0x00, 0x00, 0x00, 0x0c, 0x00, 0x0c, 0x00,
  0x00, 0x00, 0x00, 0x00, 0x08, 0x00, 0x04, 0x00, 0x0c, 0x00, 0x00, 0x00,
  0x08, 0x00, 0x00, 0x00, 0x10, 0x00, 0x00, 0x00, 0x01, 0x00, 0x00, 0x00,
  0x80, 0xff, 0xff, 0xff, 0xff, 0xff, 0xff, 0xff, 0x01, 0x00, 0x00, 0x00,
  0x81, 0x80, 0x80, 0x3b, 0x1b, 0x00, 0x00, 0x00, 0x73, 0x65, 0x72, 0x76,
  0x69, 0x6e, 0x67, 0x5f, 0x64, 0x65, 0x66, 0x61, 0x75, 0x6c, 0x74, 0x5f,
  0x65, 0x63, 0x67, 0x5f, 0x69, 0x6e, 0x70, 0x75, 0x74, 0x3a, 0x30, 0x00,
  0x03, 0x00, 0x00, 0x00, 0x01, 0x00, 0x00, 0x00, 0xbb, 0x00, 0x00, 0x00,
  0x01, 0x00, 0x00, 0x00, 0x07, 0x00, 0x00, 0x00, 0x90, 0x00, 0x00, 0x00,
  0x70, 0x00, 0x00, 0x00, 0x54, 0x00, 0x00, 0x00, 0x40, 0x00, 0x00, 0x00,
  0x2c, 0x00, 0x00, 0x00, 0x18, 0x00, 0x00, 0x00, 0x04, 0x00, 0x00, 0x00,
  0xb4, 0xff, 0xff, 0xff, 0x19, 0x00, 0x00, 0x00, 0x02, 0x00, 0x00, 0x00,
  0x00, 0x00, 0x00, 0x19, 0xc4, 0xff, 0xff, 0xff, 0x09, 0x00, 0x00, 0x00,
  0x04, 0x00, 0x00, 0x00, 0x00, 0x00, 0x00, 0x09, 0xd4, 0xff, 0xff, 0xff,
  0x28, 0x00, 0x00, 0x00, 0x02, 0x00, 0x00, 0x00, 0x00, 0x00, 0x00, 0x28,
  0xe4, 0xff, 0xff, 0xff, 0x11, 0x00, 0x00, 0x00, 0x02, 0x00, 0x00, 0x00,
  0x00, 0x00, 0x00, 0x11, 0xd8, 0xff, 0xff, 0xff, 0x16, 0x00, 0x00, 0x00,
  0x00, 0x00, 0x00, 0x16, 0x0c, 0x00, 0x10, 0x00, 0x0f, 0x00, 0x00, 0x00,
  0x08, 0x00, 0x04, 0x00, 0x0c, 0x00, 0x00, 0x00, 0x03, 0x00, 0x00, 0x00,
  0x03, 0x00, 0x00, 0x00, 0x00, 0x00, 0x00, 0x03, 0x0c, 0x00, 0x0c, 0x00,
  0x0b, 0x00, 0x00, 0x00, 0x00, 0x00, 0x04, 0x00, 0x0c, 0x00, 0x00, 0x00,
  0x46, 0x00, 0x00, 0x00, 0x00, 0x00, 0x00, 0x46,
};
const unsigned int g_final_ecg_cnn_cap_4_int8_model_len = 23576;
